Place ID,Name,Address,Rating Count,Rating,Latitude,Longitude,Pincode,Experience,Clinic Fees,Specialization,Education & Training,Services,Awards,Memberships,District,Qual_cnt,Exp_cnt,Review_cnt,Rating_cnt,Fees_cnt,Service_cnt,Award_cnt,Pincode_cnt,Total,Score,Category
ChIJoxl8ppkrxTsRkkul5kZK580,Dr Shankar Khade,"Shahunagar Pawar Building, Beed, Maharashtra 431122, India",1,5,18.9987461,75.7514404,431122,17,1500,['General Physician'],"['MBBS - All India Institute of Medical Sciences, New Delhi - 2004', 'Fellowship In ART - Rcog London - 2012', 'MD - Obstetrtics & Gynaecology - All India Institute of Medical Sciences, New Delhi - 2007', 'MRCOG  - Royal College of Obstetricians and Gynaecologists, London - 2010']","['IUD placement', 'Maternal Fetal Medicine', 'Nutrition for Pregnant Women', 'Pre and Post Delivery Care', 'Pregnant Women Counseling', 'Pre-conception Counseling', 'Post-delivery Care']",,"['Association of Obstetricians & Gynaecologists of Delhi (AOGD)', 'Federation of Obstetric and Gynaecological Societies of India (FOGSI)', 'International Gynecologic Cancer Society - IGCS']",Beed,6,2,1,3,3,7,0,20,42,5.25,Doctor
ChIJGV3rD9orxTsRTSvGubxIzGM,Dr Anand N Kale,"Anand Clinic, Mahatma Phule Nagar, Beed, Maharashtra 431122, India",0,0,18.9876671,75.7420507,431122,31,0,['General Physician'],"['Advanced course in ‘Micromanipulation in ART’ - Manipal University (6 - 12 Jun 2011)', 'Fellowship of Indian College of Obstetricians and Gynaecologists (FICOG) (Jan 2009)', 'Fellowship in Minimal Access Surgery (FMAS) - World Association of Laparoscopic Surgeons (WALS) (2008)', 'Certificate Course in Clinical Embryology and ART - Manipal University and Cleveland Clinic, USA (2008)', 'Fellow of Indian College of Maternal and Child Health (FICMCH) (22nd Sept 2007)', 'Training Course on Research Methodology in Reproductive Biomedicine - National Institute of Health and Family Welfare (2001)', 'Certificate Course in Hospital Administration (1 Year) - National Institute of Health and Family Welfare, Delhi (1999 - 2000)', 'MD (Obstetrics & Gynaecology) - Government Medical College, Amritsar (Apr 1991)', 'MBBS - Christian Medical College, Ludhiana (Dec 1986)']","['Low egg reserve', 'IVF & Reproductive endocrinology', 'Donor/Surrogacy', 'Recurrent IVF Failure & Recurrent abortions', 'Fertility Preservation - Egg preservation', 'Male Infertility and azospermia', 'Embryology and Quality Control in IVF Lab']","[""‘Icon of the Year -IVF Specialist' IMT Summit on 1 st February 2020 at Delhi. Award given by Arjun Ram Meghwal Union Minister of State in Ministry of Water Resources, and Parliamentary Affairs in Government of India."", 'Satya Paul IOG Award 2019 given by Prof Hugh Taylor, Chair at Yale medical school, President American Society of Reproductive Medicine', ""Economic Times Awards – 'Best IVF specialist (National)' in 2019."", 'Award for Excellent Service - Delhi Medical Association (DMA) (Jun 2018 & 2019)', 'Award for Excellent Service - Delhi Medical Association (DMA) (Jun 2015)', 'Best paper on quality Initiatives in IVF lab - Annual Patient Safety Conference (2017), Delhi', 'Best Research Award - Annual Patient Safety Conference (2016), Delhi', 'Award of Best Worker of Indian Medical Association (IMA) – NDB awarded on Doctors Day by Delhi Medical Association (2013)', 'Second prize in Poster Presentation at 16th Annual Conference of National Association of Reproductive and Child Health of India organised by Safdarjung Hospital, Delhi on (17th Sept 2006)', 'Second prize for Best Paper at 16th Annual Conference of National Association of Reproductive and Child Health of India organised by Safdarjung Hospital, Delhi (17th Sept 2006)', 'Best Paper Award at Fertivision ‘Tuberculosis and infertility’', 'organised by Indian Fertility Society (4th Dec 2005)', 'Second prize for Best Paper at North Zone Conference of Royal College of Obstetricians and Gynaecologists, Delhi (Mar 2005)', 'National Level Award -  YUVA FOGSI Award (2004) (FOGSI- Federation of obstetricians and Gynecologists of India)']","['Treasurer and past editor , Indian Fertility Society (IFS)', 'Editor, Association of Obstetricians & Gynecologists of Delhi (AOGD)', 'Indian Society for Assisted Reproduction (ISAR)', 'Indian Society for Third Party Assisted Reproduction (INSTAR)', 'Fertility Preservation Society of India (FPSI)', 'Manipal Association of Clinical Embryologists (MACE)', 'Indian Menopausal Society (IMS)', 'Federation of Obstetric and Gynaecological Societies of India (FOGSI)', 'Former editor, National Association for Reproductive and Child Health of India (NARCHI)', 'Editor, South Delhi Gynaecologist Forum (DGF)']",Beed,10,4,1,3,1,7,14,20,60,7.5,Doctor
ChIJ074Bl50rxTsR1o8K3nFIZmo,Dr A S Kakde,"Nath Hospital Adarsh Nagar, near by Shahu Nagar, Beed, Maharashtra 431122, India",0,0,18.9931104,75.7449554,431122,14,500,['General Physician'],"[{'qualification': 'MBBS', 'is_qualification_valid_in_country': True, 'college': 'University of Rajasthan, Jaipur', 'completion_year': 2005}, {'qualification': 'MS - Obstetrics & Gynaecology', 'is_qualification_valid_in_country': True, 'college': 'G B Pant Hospital / Moulana Azad Medical College, New Delhi', 'completion_year': 2010}]",,,,Beed,3,2,1,3,1,1,0,20,31,3.88,Doctor
ChIJ39QEEL4rxTsRej9ohIwqmew,Dr Pravin Saware,"Om Clinic Ambika Chowk, Pangari Rd, Beed, Maharashtra 431122, India",0,0,18.9929742,75.739621,431122,29,1200,['General Physician'],"['FIMSA - Indian Medical Science Academy at IMSACON-Dubai - 2008', 'MBBS - King George Medical College,Locknow - 1992', 'FICOG - Indian College of Obestetricians & Gynaecologists - 2012', 'MD - Obstetrtics & Gynaecology - King Georges Medical College,Locknow - 1999', 'FICMCH - Indian College of Maternal & Child Care at Narchi Conference,Jaipur - 2008']","['High Risk Pregnancy', 'Safe abortion by Medicines and Instrumental as well', 'Safe Normal Vaginal delivery and Caeserean Section', 'Painless Delivery / Caeserean Section under Epidural Analgesia', 'Family Planning Counselling', 'Adolescent Counselling', 'Menopause Clinic and associated complications like osteoporosis, etc', 'Gynaecological Surgeries', 'Hysteroscopic and Laparoscopic Surgery\xa0']","['2008 Fellow \xa0IMSA International Medical Sciences Academy at IMSACON-2008, Dubai', '2008 Fellow \xa0ICMCH Indian College of Maternal & Child Health at NARCHI Conference, Jaipur', '2012 Fellow ICOG Indian College of Obstetricians & Gynaecologists']","['2009 Life Member Indian Association of Gynaecological Endoscopists (IAGE)', '2008 Life Member- Individual Affiliate Indian Confederation of Healthcare Accreditation (ICHA)', '2008 Life Member Indo-European Council of Re-vascularization (IECR)', '2008 Life Member Delhi Gynaecological Endoscopist’s Society (DGES)', '2008 Life Member The White Ribbon Alliance, Safe Motherhood Washington, USA', '2008 Life Member Indian Menopause Society (IMS)', '2008 Life Member International Planned Parenthood Federation, London (IPPF)', '2008 Life Member Indian Medical Informatics Association (IMIF)', '2008 Life Member Indian Medical Association (IMA)', '2008 Life Member Asia –Pacific Menopausal Federation (APMF)', '2007 Life Member National Association of Reproductive and Child Health of India (NARCHI)', '2006 Life Member Association of Obstetrics & Gynaecology (AOGD), Delhi', '2012 Member and Panelist Lead Physician - \xa0leading worldwide online panel of practising Physicians who participate in online medical market research surveys']",Beed,6,3,1,3,3,9,3,20,48,6,Doctor
ChIJw1zxzJEtxTsR2i1HeE8zz1M,Dr Ramesh Tandale,"Dr Ramesh Tandale village Post office, Rajuri, Maharashtra 431122, India",0,0,18.9774926,75.8962783,431122,0,300,['General Physician'],,,,,Beed,1,1,1,3,1,1,0,20,28,3.5,Doctor
ChIJn7IJTGdexTsRnY2jHjLO0QY,DR. N. P. Deshpande,"Nityaseva Hospital, Prashant Nagar, Morewadi, Ambajogai, Maharashtra 431517, India",0,0,18.7271733,76.3858891,431517,0,100,['General Physician'],,,,,Beed,1,1,1,3,1,1,0,10,18,2.25,Doctor
ChIJr0Kis8oJxTsRifsKt50s4rI,Dr S P Jogdand,"S P Jogdand Clinic Chausala Taluka, Beed- Solapur Highway, Main Road, near Chalndasha Haveli Dargah, Solapur, Maharashtra 431126, India",0,0,18.3479126,75.9356878,431126,30,1000,['General Physician'],"['MBBS - S.M.S. Medical College, Jaipur - 1991', 'DGE - Lady Hardinge Medical College, New Delhi - 1994']","['Hysteroscopy', 'Infertility Evaluation / Treatment', 'Caesarean Section (C Section)', 'Hysterectomy (Abdominal/Vaginal)', 'Ultrasound Scan', 'Contrast Radiography', 'Lab Investigations', 'Angiography Radial Approach', 'Copper-T & Multiload', 'Family Planning Surgery', 'Surgical Abortion', 'Preventive Gynaecology', 'All Gynae Surgery', 'Hi-Tech Laproscopy', 'Normal Vaginal Delivery (NVD']",,"['Association of Obstetricians & Gynaecologists of Delhi (AOGD)', 'Federation of Obstetric and Gynaecological Societies of India (FOGSI)']",Beed,2,3,1,3,3,15,0,20,47,5.88,Doctor
ChIJMSikZ8wrxTsR2SZUWgobFYc,Dr Shailesh Baheti,"Baheti Clinic, Pangari Rd, Adarsh nagar, Kranti Nagar, Beed, Maharashtra 431122, India",0,0,19.0014413,75.7480564,431122,25,300,['General Physician'],"['DGO - Vardhman Mahavir Medical College & Safdarjung Hospital, New Delhi, 2002', 'MBBS - MEERUT UNIVERSITY, MEERUT, 1994', 'DNB - Obstetrics & Gynecology - DNB board, New Delhi, 1999']","['Diseases in Pregnancy', 'Pre and Post Delivery Care', 'Infertility Evaluation / Treatment', 'High-Risk Pregnancy Care', 'Female Infertility Treatment', 'Pregnancy Hypertension (Preeclampsia/ Eclampsia)', 'Uterus/ Uterine Prolapse Treatment']",,"['Indian Medical Association (IMA)', 'Delhi Medical Council', 'Medical Council of India (MCI)', 'Federation of Obstetric and Gynaecological Societies of India (FOGSI)']",Beed,9,2,1,3,1,1,6,20,43,5.38,Doctor
ChIJWTc_gsEtxTsRVqiyg0YYI5o,Dr Rameshwar Takale,"Yashodeep Bal Rugnalaya Bus Stand Road, Maharashtra 431122, India",0,0,18.9910206,75.8212661,431122,15,1000,['General Physician'],"['MBBS - Ranchi University, Ranchi, 1997', 'MS - Obstetrics & Gynaecology - University of Patna, Patna, 2004']","['Diseases in Pregnancy', 'menopause advice', 'Menstrual Disorders in Adolescent Girls', 'Post pregnancy Classes', 'High-Risk Pregnancy Care', 'Caesarean Section (C Section)', 'Laparoscopic Surgery (Obs & Gyn)', 'Pregnancy with PCOD', 'Pregnant Women Counseling', 'Family Planning']",,,Beed,5,3,1,3,1,7,0,20,40,5,Doctor
ChIJnUijxfwrxTsRmMb3DsvEVX4,Dr Prithviraj Chavan,"Phoenix Hospital Taj Plaza, Jalana Rd, Beed, Maharashtra 431122, India",0,0,18.9958085,75.7519183,431122,0,500,['General Physician'],"['Research Fellow – University of California, Los Angeles (UCLA), California (3 months)', 'MD (Obstetrics & Gynaecology) - Rohtak Medical College (1988)', 'MBBS – Rohtak Medical College (1984)']","['High Risk Obstetrics', 'Infertility and Reproductive Medicine', 'Adolescent Gynaecology', 'Reproductive Endocrinology', 'Menopausal Health & Geriatrics']","['Winner of President’s Silver Medal – 1st in MBBS', 'Bronze Medal – 2nd in Surgery', 'Bronze Medal – 2nd in Eye and ENT', 'Bronze Medal – 2nd in Pathology']","['Life Member, FOGSI', 'Life Member, East Delhi Gynae Forum', 'Life Member, Indian Menopausal Society']",Beed,3,2,1,3,3,10,0,20,42,5.25,Doctor
ChIJh2DVAcXZ2jsRi-6WpacS8NE,Dr. Bhutada Omprakash Bansilal,"Besides Gopika Jewellers, Dr. Bhutada O.B, Main Road, in front of Jain Temple, Georai, Maharashtra 431127, India",0,0,19.2595302,75.7495132,431127,31,800,['General Physician'],"['MD in Gynaecology - safdarjung hospital - 1999', 'MBBS - Lady Hardinge Medical College, New Delhi - 1990']","['Sexual / marital counseling', 'Non descent vaginal hystrectomy', 'Cervical Cancer Screening and Treatment', 'Non- surgical treatment for menstrual irregularities']",,,Beed,4,1,1,3,1,5,4,20,39,4.88,Doctor
ChIJ-YmolXMv2zsRH0MRYKYuWHo,Dr Manoj Zanwar,"Shubham Clinic Beed, To, Jalana Rd, Georai, Maharashtra 431127, India",0,0,19.1281094,75.6112006,431127,37,600,['General Physician'],"['M Med Sc ( ART ) - University of Nottingham UK - 2009', 'MD  - Rohtak Medical College - 1990', 'MBBS - Rohtak Medical College - 1984', 'DGO - Rohtak Medical College - 1988']",,,,Beed,3,4,1,3,3,4,0,20,38,4.75,Doctor
ChIJD1F0a3hfxTsRFgmrOGidPHc,Dr.Amit Surwase,"Unnamed Road, Jaywanti Nagar, Ambajogai, Maharashtra 431517, India",2,5,18.7289244,76.3915335,431517,22,600,['General Physician'],"['MD - Obstetrics and Gynaecology', 'M.B.B.S.']","['High-risk Pregnancy', 'Gynaecological Surgery', 'Infertility']",['Recognition certificate in PCOD management'],"['Indian Medical Association (IMA)', 'Life Member - Association of Obstetricians & Gynaecologists of Delhi (AOGD)', 'Delhi Medical Association (DMA)']",Beed,5,3,1,3,2,1,0,10,25,3.13,Doctor
ChIJ6SIWeHlfxTsRpguNzm49Mto,Dr. S. A. Bardapurkar,"Prashant Nagar, Nr. Yogeshwari primary school, Ambajogai, 443Maharashtra, 431517, India",1,5,18.7300507,76.3884077,431517,24,600,['General Physician'],"[{'qualification': 'MBBS', 'is_qualification_valid_in_country': True, 'college': 'Institute of Medical Sciences, Banaras Hindu University (IMS-BHU)', 'completion_year': 1997}, {'qualification': 'MD - Obstetrics & Gynaecology', 'is_qualification_valid_in_country': True, 'college': 'Institute of Medical Sciences, Banaras Hindu University (IMS-BHU)', 'completion_year': 2001}, {'qualification': 'DNB - Obstetrics & Gynecology', 'is_qualification_valid_in_country': True, 'college': 'National Borad of Examinations Ministry of Health Government of India', 'completion_year': 2003}]",,,,Beed,3,3,1,3,2,3,1,10,26,3.25,Doctor
ChIJgSgNLpVfxTsR51n9WDfbO_Y,Dr P P Tekale,"PCM2+HC9, Parli Rd, Mali Nagar, Ambajogai, Maharashtra 431517, India",0,0,18.733911,76.401114,431517,0,600,['General Physician'],"['MBBS, 'DNB'(obs and gynae), 'DGO']","['Sexual / marital counseling', 'Non descent vaginal hystrectomy', 'Cervical Cancer Screening and Treatment', 'Non- surgical treatment for menstrual irregularities']",,['Delhi Medical Council'],Beed,6,4,1,3,2,1,0,10,27,3.38,Doctor
ChIJo8BeAzjfxDsR1lmLfEHYKv0,Dr A G Shinde,"Mauli Hospital Mondha Road, Near Zilla Parishad School, Chousala, Maharashtra 431126, India",0,0,18.7107841,75.6881815,431126,21,500,['General Physician'],"['MD - Government Medical College, Jammu - 2000']",['Obstetrics And Gynaecology'],,,Beed,2,3,1,3,1,1,0,20,31,3.88,Doctor
ChIJUe7L03VZxTsRPc2W_ZnubUI,Dr Tunga Kale,"Infront Of Dube Petrol Pump, Kale Hospital, Nath Rd, Jai Nagar, Parli Vaijnath, Maharashtra 431515, India",0,0,18.7979368,76.3881794,431515,38,1000,['General Physician'],"[{'qualification': 'MBBS', 'is_qualification_valid_in_country': True, 'college': 'Lady Hardinge Medical College, Delhi', 'completion_year': 1979}, {'qualification': 'DGO', 'is_qualification_valid_in_country': True, 'college': 'Lady Hardinge Medical College and Smt. Sucheta Kriplani Hospita', 'completion_year': 1982}, {'qualification': 'MD - Obstetrics & Gynaecology', 'is_qualification_valid_in_country': True, 'college': 'Maulana Azad Medical College and LNJPN Hospital', 'completion_year': 1984}]",,,,Beed,6,2,1,3,3,1,0,20,36,4.5,Doctor
ChIJa23Lo8YrxTsR9svVnNH69Hw,Dr Rathod,"Shop Number 1D P Road, Sahayog Nagar, Beed, Maharashtra 431122, India",0,0,18.9963782,75.7576302,431122,33,800,['General Physician'],"['MD - Obstetrtics & Gynaecology - Avdhesh Pratap Singh University Reva - 1991', 'MBBS Bachelor of Medicine and Bachelor of Surgery - Avdhesh Pratap Singh University Reva - 1988']","['High Risk Pregnancy', 'Adolescent Sexual Health']",,"['FOGSI', 'DMC', 'AOGD', 'NARCHI', 'Indian Menopausal Society']",Beed,5,4,1,3,3,1,0,20,37,4.63,Doctor
ChIJ0ab0uXQrxTsR0F1Rc9mylV4,Dr Pohnerkars Chaitanya,"XQV3+JVM, Subash Rd, Bir, Beed, Maharashtra 431122, India",1,5,18.9940729,75.7546613,431122,17,600,['General Physician'],"['M.B.B.S - GSVM Medical College, Kanpur, 2003', 'D.G.O - GSVM Medical College, Kanpur, 2005']","['Gynae Problems', 'Consultation', 'Gynaecological Laproscpy']",,,Beed,3,4,1,3,3,2,0,20,36,4.5,Doctor
ChIJKxx4V8UqxTsRYdfiT49Asp4,Dr Limbgaokar,"XPXX+96X, Shivrana Nagar, Beed, Maharashtra 431122, India",1,1,18.9984662,75.7481891,431122,47,300,['General Physician'],"['M.B.B.S - AFMC - 1974', 'F.I.C.S - AFMc - 1983', 'MD - AFMC - 1982']",,,,Beed,4,4,1,3,1,1,0,20,34,4.25,Doctor
ChIJHXk1sF1exTsR5QvHq_efjVQ,Dr Joshi,"Ring road, near yogeshwari nagari, near Mauli hospital, Morewadi, Ambajogai, Maharashtra 431517, India",16,4.1,18.7247503,76.3860104,431517,42,500,['General Physician'],"['MBBS - Gandhi Medical College - Bhopal - 1979', 'DGO - LLRM Medical College - Meerut - 1987']",,,,Beed,2,2,1,3,2,3,0,10,23,2.88,Doctor
ChIJf5ptjmsrxTsR7OTtGPPRwlU,Dr. Sunil S. Gaikwad,"1-6-347, Iqbal Colony, Shahunagar, Beed, Maharashtra 431122, India",2,5,18.9857993,75.7574877,431122,38,800,['General Physician'],"[{'qualification': 'MBBS', 'is_qualification_valid_in_country': True, 'college': 'Government Medical College, Jabalpur', 'completion_year': 1983}, {'qualification': 'MS - Obstetrics & Gynaecology', 'is_qualification_valid_in_country': True, 'college': 'Government Medical College, Jabalpur', 'completion_year': 1986}]",,,,Beed,3,2,1,3,2,1,0,20,32,4,Doctor
ChIJK_ClXyT3zzsRvh2Jk-zLrEs,Dr Deshmukh,"RGWM+864, Peth Mohallah, Parli Vaijnath, Maharashtra 431515, India",4,3.8,18.8457574,76.5330137,431515,15,600,['General Physician'],"[{'qualification': 'MBBS', 'is_qualification_valid_in_country': True, 'college': 'Kasturba Medical  College', 'completion_year': 2006}, {'qualification': 'DGO', 'is_qualification_valid_in_country': True, 'college': 'Kasturba Medical  College', 'completion_year': 2009}]",,,,Beed,3,4,1,3,3,1,0,20,35,4.38,Doctor
ChIJr-6pmNsqxTsRRuB2CxBiquY,Dr Sachine Ware,"Umakiran complex,Pangari road, Shahunagar Beed,, Kranti Nagar, Beed, Maharashtra 431122, India",106,4.8,18.9954895,75.7500334,431122,33,1000,['General Physician'],"[{'qualification': 'MBBS', 'is_qualification_valid_in_country': True, 'college': 'MEERUT UNIVERSITY', 'completion_year': 1985}, {'qualification': 'MD - Obstetrics & Gynaecology', 'is_qualification_valid_in_country': True, 'college': ' MEERUT UNIVERSITY', 'completion_year': 1990}]",,,,Beed,3,4,1,3,3,1,0,20,35,4.38,Doctor
ChIJQx-wUd8qxTsRPa_X9NEPBLE,Dr Aniket Kulkarni,"Sarda Nagari, Infront of Lakshminarayan General stores Besides, Sahayog Nagar, Beed, Maharashtra 431122, India",29,5,18.9971358,75.758406,431122,40,1000,['General Physician'],"[{'qualification': 'MS - Obstetrics & Gynaecology', 'is_qualification_valid_in_country': True, 'college': 'JIWAJI University Gwalior', 'completion_year': 1984}, {'qualification': 'MBBS', 'is_qualification_valid_in_country': True, 'college': 'JIWAJI University Gwalior', 'completion_year': 1981}]",,,,Beed,3,4,1,3,3,1,0,20,35,4.38,Doctor
ChIJ-8qQZfQrxTsRkRYMGRCr5P4,Dr Arun Bade,"Santoshimata Complex Near Main Bus stand, Pangari Rd, Shahunagar, Beed, Maharashtra 431122, India",1,5,18.9960301,75.7500234,431122,56,1000,['General Physician'],"[{'qualification': 'MS - Obstetrics & Gynaecology', 'is_qualification_valid_in_country': True, 'college': 'Agra University', 'completion_year': 1968}, {'qualification': 'MBBS', 'is_qualification_valid_in_country': True, 'college': 'Agra University', 'completion_year': 1965}]",,,,Beed,3,4,1,3,3,1,0,20,35,4.38,Doctor
ChIJuyVGNonTxDsRsp4ipDRHTW0,Dr Balasaheb Sonavane,"Dr. Balasaheb Sonavane's Clinic Beed, At Post, Therla, Maharashtra 414204, India",0,0,18.9362718,75.5330118,414204,0,0,['General Physician'],,,,,Beed,3,4,1,3,1,1,0,20,33,4.13,Doctor
ChIJ7e3J4s4qxTsRNY1dz3hRg2s,Dr Morale,"2P2W+H3R, narsinha colony, Pangari Rd, Beed, Maharashtra 431122, India",0,0,19.0014907,75.745112,431122,9,0,['General Physician'],"['MS - JSS Medical College, Mysore (2013)', 'MBBS - Himalayan Institute of Medical Sciences (HIMS), Dehradun (2010)']","['Maternal & Child Health', 'Management of Gynaecological problems']",['Scientific papers present in various local and national conferences'],,Beed,3,4,1,3,2,1,0,20,34,4.25,Doctor
ChIJgYwHEmgrxTsRH79nxIbrtnc,Dr.Amol Raut,"Matoshree Hospital Tuljai Chowk, Canol Road, Navghan College Rd, Beed, Maharashtra 431122, India",5,5,18.9851121,75.7446882,431122,12,0,['General Physician'],"['MBBS - Maulana Azad Medical College, Delhi University - 2009', 'Diploma In Minimal Access Surgery - World Laparoscopy Hospital - 2016', 'MS - Obstetrics & Gynaecology - Maulana Azad Medical College, Delhi University - 2014']",,,,Beed,5,3,1,3,1,1,0,20,34,4.25,Doctor
ChIJtd8dVFwrxTsRl_Rf7ZnZWnY,Dr Anil Sanap,"XPMR+HP4, Dhanora Rd, Mahatma Phule Nagar, Beed, Maharashtra 431122, India",1,5,18.9838832,75.741852,431122,21,800,['General Physician'],"[{'qualification': 'MBBS', 'is_qualification_valid_in_country': True, 'college': 'S.M.S. MEDICAL COLLEGE, JAIPUR', 'completion_year': 2000}, {'qualification': 'DNB - Obstetrics & Gynecology', 'is_qualification_valid_in_country': True, 'college': 'National Board Of Examination', 'completion_year': 2005}]",,,,Beed,3,3,1,3,3,1,0,20,34,4.25,Doctor
ChIJCaj_L_krxTsRPJpuvFfpJ3k,Dr Deepali Narwade,"XPXR+QCR, Dnyaneshwar Nagar, Beed, Maharashtra 431122, India",0,0,18.9994794,75.7410058,431122,36,700,['General Physician'],"[{'qualification': 'MBBS', 'is_qualification_valid_in_country': True, 'college': 'Maharshi Dayanand University, Rohtak', 'completion_year': 1983}, {'qualification': 'MD - Obstetrics & Gynaecology', 'is_qualification_valid_in_country': True, 'college': 'Maharshi Dayanand University, Rohtak', 'completion_year': 1988}]",,,,Beed,4,2,1,3,1,1,0,20,32,4,Doctor
ChIJF_tD4uYqxTsRTSldL7zU1AE,Dr Santosh Kadam,"Ashirwad Hospital,Plot No.-1/7/1300, Driving School St, near Sahyadri Hotel, Vidhyanagar(east, Beed, Maharashtra 431122, India",2,5,18.9843739,75.7528632,431122,,300,['General Physician'],"[{'qualification': 'MBBS', 'is_qualification_valid_in_country': True, 'college': 'Darbhanga Medical College And Hospital, Bihar', 'completion_year': 1995}, {'qualification': 'MD - Obstetrics & Gynaecology', 'is_qualification_valid_in_country': True, 'college': 'Darbhanga Medical College And Hospital, Bihar', 'completion_year': 1997}, {'qualification': 'MRCOG(UK)', 'is_qualification_valid_in_country': True, 'college': 'Royal College of Obstetricians and Gynaecologists, London', 'completion_year': 2014}]",,,,Beed,5,3,1,3,1,1,0,20,34,4.25,Doctor
ChIJX2IL3_PZ2jsRysKI5W03eHc,Dr Jayshree Sikchi,"Kamal nursing home,main road.. Georai, Georai, Maharashtra 431127, India",0,0,19.256378,75.7514388,431127,24,500,['General Physician'],"[{'qualification': 'MBBS', 'is_qualification_valid_in_country': True, 'college': 'University of Calcutta', 'completion_year': 1998}, {'qualification': 'MS - Obstetrics & Gynaecology', 'is_qualification_valid_in_country': True, 'college': 'Bundelkhand University, Jhansi', 'completion_year': 2003}, {'qualification': 'DNB - Obstetrics & Gynecology', 'is_qualification_valid_in_country': True, 'college': 'National Board Of Examination', 'completion_year': 2013}]",,,,Beed,3,1,1,3,1,2,1,20,32,4,Doctor
ChIJ7-6SfWQrxTsREHogRmxRvKI,Dr Pradip Shelke,"Shree Narayani Child Care Unit, Sai Complex, DP Rd, Adarsh nagar, Beed, Maharashtra 431122, India",0,0,18.9940963,75.7468509,431122,21,600,['General Physician'],"[{'qualification': 'MBBS', 'is_qualification_valid_in_country': True, 'college': 'University of Delhi', 'completion_year': 1982}, {'qualification': 'MD - Obstetrics & Gynaecology', 'is_qualification_valid_in_country': True, 'college': 'University of Delhi', 'completion_year': 1986}]",,,,Beed,3,4,1,3,2,1,0,20,34,4.25,Doctor
ChIJb5r2rIUrxTsRv5-Ev6Tdi-k,Dr pradeep waghmare,"Panchshil hospital,vidyanagar east, Driving School St, Beed, Maharashtra 431122, India",0,0,18.984745,75.7529703,431122,38,1000,['General Physician'],"[{'qualification': 'MBBS', 'is_qualification_valid_in_country': True, 'college': 'University of Kashmir', 'completion_year': 1994}, {'qualification': 'MD - Obstetrics & Gynaecology', 'is_qualification_valid_in_country': True, 'college': 'Govt. Medical College, Jammu', 'completion_year': 2000}]",,,,Beed,1,1,1,3,1,1,0,20,28,3.5,Doctor
ChIJuzWkHkH3zzsRkUC_srK--jc,Dr R R Kabra,"RGXJ+PM9, Peth Mohallah, Parli Vaijnath, Maharashtra 431515, India",1,1,18.8492716,76.5317928,431515,25,500,['General Physician'],"[{'qualification': 'MBBS', 'is_qualification_valid_in_country': True, 'college': 'Maharshi Dayanand University, Rohtak', 'completion_year': 1998}, {'qualification': 'DGO', 'is_qualification_valid_in_country': True, 'college': 'Rajiv Gandhi University of Health Sciences, Bangalore, India', 'completion_year': 2001}, {'qualification': 'DNB - Obstetrics & Gynecology', 'is_qualification_valid_in_country': True, 'college': 'DNB board, New Delhi', 'completion_year': 2005}]",,,,Beed,5,3,1,3,1,1,0,20,34,4.25,Doctor
ChIJnU1GlOIrxTsRSQj9LkVlAFE,Dr. Sunil S. Gaikwad,"KUSUM HOSPITAL Orthopedic Accident and Trauma care center, Adarsh nagar, Beed, Maharashtra 431122, India",8,5,18.9941327,75.7503318,431122,23,1000,['General Physician'],"[{'qualification': 'MBBS', 'is_qualification_valid_in_country': True, 'college': 'Christian Medical College, Ludhiana', 'completion_year': 1987}, {'qualification': 'MD - Obstetrics & Gynaecology', 'is_qualification_valid_in_country': True, 'college': 'Govt. Medical College, Amritsar (Punjab, India)', 'completion_year': 1991}]",,,,Beed,3,3,1,3,3,1,0,20,34,4.25,Doctor
ChIJmTn89NpU2zsR5aOKIGj0EjM,Dr. Maruti Chavan,"X28F+58G, Near Hivara Bus Stop, Danora-Savargaon Road, Hivara, Maharashtra 414202, India",0,0,18.9654341,75.0233389,414202,30,1000,['General Physician'],"[{'qualification': 'MBBS', 'is_qualification_valid_in_country': True, 'college': 'J.S.S Medical College, Mysore', 'completion_year': 2004}, {'qualification': 'MS - Obstetrics & Gynaecology', 'is_qualification_valid_in_country': True, 'college': 'Sri Ramachandra University, Chennai', 'completion_year': 2008}]",,,,Beed,3,3,1,3,3,1,0,20,34,4.25,Doctor
ChIJQVIeiMEqxTsRuYTdJsck2Qs,Dr Gughe,"XPQV+G5P, Anand Nagar, Datta Nagar, Beed, Maharashtra 431122, India",1,3,18.9888443,75.7429399,431122,17,300,['General Physician'],"[{'qualification': 'MBBS', 'is_qualification_valid_in_country': True, 'college': 'University of Lucknow', 'completion_year': 1981}, {'qualification': 'MD - Obstetrics & Gynaecology', 'is_qualification_valid_in_country': True, 'college': 'University of Lucknow', 'completion_year': 1984}]",,,,Beed,3,4,1,3,1,1,0,20,33,4.13,Doctor
ChIJyytTT8UqxTsRcc2Q-Xjtk0A,Dr Sarangkar,"XPXX+373, Shahunagar, Beed, Maharashtra 431122, India",0,0,18.9976693,75.7481936,431122,37,500,['General Physician'],"[{'qualification': 'MBBS', 'is_qualification_valid_in_country': True, 'college': 'kanpur University', 'completion_year': 1985}, {'qualification': 'MS - Obstetrics & Gynaecology', 'is_qualification_valid_in_country': True, 'college': 'kanpur University', 'completion_year': 1988}]",,,,Beed,3,4,1,3,1,1,0,20,33,4.13,Doctor
ChIJbyNsXLcrxTsRZcBY7oeq4ps,Dr Saaish,"Ambika chauk, Pangari Rd, Adarsh nagar, Kranti Nagar, Beed, Maharashtra 431122, India",0,0,18.9950654,75.7472309,431122,34,500,['General Physician'],"[{'qualification': 'MBBS', 'is_qualification_valid_in_country': True, 'college': 'Sarojini Naidu Medical College , Agra', 'completion_year': 1978}, {'qualification': 'MS - Obstetrics & Gynaecology', 'is_qualification_valid_in_country': True, 'college': 'Sarojini Naidu Medical College , Agra', 'completion_year': 1981}]",,,,Beed,3,2,1,3,3,1,0,20,33,4.13,Doctor
ChIJn1cbu8QqxTsRnUJrNhbubOY,Dr Chole,"XPVX+F4Q, Mauli Netralay, Sankalp Hospital, In front of, Shriram Nagar, Beed, Maharashtra 431122, India",1,5,18.9937028,75.747846,431122,17,1500,['General Physician'],"['MBBS - All India Institute of Medical Sciences, New Delhi - 2004', 'Fellowship In ART - Rcog London - 2012', 'MD - Obstetrtics & Gynaecology - All India Institute of Medical Sciences, New Delhi - 2007', 'MRCOG  - Royal College of Obstetricians and Gynaecologists, London - 2010']","['IUD placement', 'Maternal Fetal Medicine', 'Nutrition for Pregnant Women', 'Pre and Post Delivery Care', 'Pregnant Women Counseling', 'Pre-conception Counseling', 'Post-delivery Care']",,"['Association of Obstetricians & Gynaecologists of Delhi (AOGD)', 'Federation of Obstetric and Gynaecological Societies of India (FOGSI)', 'International Gynecologic Cancer Society - IGCS']",Beed,6,2,1,3,3,7,0,20,42,5.25,Doctor
ChIJuZo7_Rn3zzsR5re0r8S4xYA,Dr Wange,"Vidyanagar, Parli Vaijnath, Maharashtra 431515, India",3,5,18.8468579,76.5204023,431515,31,0,['General Physician'],"['Advanced course in ‘Micromanipulation in ART’ - Manipal University (6 - 12 Jun 2011)', 'Fellowship of Indian College of Obstetricians and Gynaecologists (FICOG) (Jan 2009)', 'Fellowship in Minimal Access Surgery (FMAS) - World Association of Laparoscopic Surgeons (WALS) (2008)', 'Certificate Course in Clinical Embryology and ART - Manipal University and Cleveland Clinic, USA (2008)', 'Fellow of Indian College of Maternal and Child Health (FICMCH) (22nd Sept 2007)', 'Training Course on Research Methodology in Reproductive Biomedicine - National Institute of Health and Family Welfare (2001)', 'Certificate Course in Hospital Administration (1 Year) - National Institute of Health and Family Welfare, Delhi (1999 - 2000)', 'MD (Obstetrics & Gynaecology) - Government Medical College, Amritsar (Apr 1991)', 'MBBS - Christian Medical College, Ludhiana (Dec 1986)']","['Low egg reserve', 'IVF & Reproductive endocrinology', 'Donor/Surrogacy', 'Recurrent IVF Failure & Recurrent abortions', 'Fertility Preservation - Egg preservation', 'Male Infertility and azospermia', 'Embryology and Quality Control in IVF Lab']","[""‘Icon of the Year -IVF Specialist' IMT Summit on 1 st February 2020 at Delhi. Award given by Arjun Ram Meghwal Union Minister of State in Ministry of Water Resources, and Parliamentary Affairs in Government of India."", 'Satya Paul IOG Award 2019 given by Prof Hugh Taylor, Chair at Yale medical school, President American Society of Reproductive Medicine', ""Economic Times Awards – 'Best IVF specialist (National)' in 2019."", 'Award for Excellent Service - Delhi Medical Association (DMA) (Jun 2018 & 2019)', 'Award for Excellent Service - Delhi Medical Association (DMA) (Jun 2015)', 'Best paper on quality Initiatives in IVF lab - Annual Patient Safety Conference (2017), Delhi', 'Best Research Award - Annual Patient Safety Conference (2016), Delhi', 'Award of Best Worker of Indian Medical Association (IMA) – NDB awarded on Doctors Day by Delhi Medical Association (2013)', 'Second prize in Poster Presentation at 16th Annual Conference of National Association of Reproductive and Child Health of India organised by Safdarjung Hospital, Delhi on (17th Sept 2006)', 'Second prize for Best Paper at 16th Annual Conference of National Association of Reproductive and Child Health of India organised by Safdarjung Hospital, Delhi (17th Sept 2006)', 'Best Paper Award at Fertivision ‘Tuberculosis and infertility’', 'organised by Indian Fertility Society (4th Dec 2005)', 'Second prize for Best Paper at North Zone Conference of Royal College of Obstetricians and Gynaecologists, Delhi (Mar 2005)', 'National Level Award -  YUVA FOGSI Award (2004) (FOGSI- Federation of obstetricians and Gynecologists of India)']","['Treasurer and past editor , Indian Fertility Society (IFS)', 'Editor, Association of Obstetricians & Gynecologists of Delhi (AOGD)', 'Indian Society for Assisted Reproduction (ISAR)', 'Indian Society for Third Party Assisted Reproduction (INSTAR)', 'Fertility Preservation Society of India (FPSI)', 'Manipal Association of Clinical Embryologists (MACE)', 'Indian Menopausal Society (IMS)', 'Federation of Obstetric and Gynaecological Societies of India (FOGSI)', 'Former editor, National Association for Reproductive and Child Health of India (NARCHI)', 'Editor, South Delhi Gynaecologist Forum (DGF)']",Beed,10,4,1,3,1,7,14,20,60,7.5,Doctor
ChIJq9pjUJDZ2jsRDSRMDsD4w7I,Dr Ashok Kale,"Kusum Clinic, behind Rural Hospital, Ganesh Nagar, Gajanan Nagar, Georai, Maharashtra 431127, India",0,0,19.2665369,75.7522871,431127,14,500,['General Physician'],"[{'qualification': 'MBBS', 'is_qualification_valid_in_country': True, 'college': 'University of Rajasthan, Jaipur', 'completion_year': 2005}, {'qualification': 'MS - Obstetrics & Gynaecology', 'is_qualification_valid_in_country': True, 'college': 'G B Pant Hospital / Moulana Azad Medical College, New Delhi', 'completion_year': 2010}]",,,,Beed,3,2,1,3,1,1,0,20,31,3.88,Doctor
ChIJwwB23scrxTsRPeBWUvFTvv0,Dr Ganesh Charkha,"Stadium Rd, Sahayog Nagar, Beed, Maharashtra 431122, India",2,5,18.9950756,75.7565247,431122,29,1200,['General Physician'],"['FIMSA - Indian Medical Science Academy at IMSACON-Dubai - 2008', 'MBBS - King George Medical College,Locknow - 1992', 'FICOG - Indian College of Obestetricians & Gynaecologists - 2012', 'MD - Obstetrtics & Gynaecology - King Georges Medical College,Locknow - 1999', 'FICMCH - Indian College of Maternal & Child Care at Narchi Conference,Jaipur - 2008']","['High Risk Pregnancy', 'Safe abortion by Medicines and Instrumental as well', 'Safe Normal Vaginal delivery and Caeserean Section', 'Painless Delivery / Caeserean Section under Epidural Analgesia', 'Family Planning Counselling', 'Adolescent Counselling', 'Menopause Clinic and associated complications like osteoporosis, etc', 'Gynaecological Surgeries', 'Hysteroscopic and Laparoscopic Surgery\xa0']","['2008 Fellow \xa0IMSA International Medical Sciences Academy at IMSACON-2008, Dubai', '2008 Fellow \xa0ICMCH Indian College of Maternal & Child Health at NARCHI Conference, Jaipur', '2012 Fellow ICOG Indian College of Obstetricians & Gynaecologists']","['2009 Life Member Indian Association of Gynaecological Endoscopists (IAGE)', '2008 Life Member- Individual Affiliate Indian Confederation of Healthcare Accreditation (ICHA)', '2008 Life Member Indo-European Council of Re-vascularization (IECR)', '2008 Life Member Delhi Gynaecological Endoscopist’s Society (DGES)', '2008 Life Member The White Ribbon Alliance, Safe Motherhood Washington, USA', '2008 Life Member Indian Menopause Society (IMS)', '2008 Life Member International Planned Parenthood Federation, London (IPPF)', '2008 Life Member Indian Medical Informatics Association (IMIF)', '2008 Life Member Indian Medical Association (IMA)', '2008 Life Member Asia –Pacific Menopausal Federation (APMF)', '2007 Life Member National Association of Reproductive and Child Health of India (NARCHI)', '2006 Life Member Association of Obstetrics & Gynaecology (AOGD), Delhi', '2012 Member and Panelist Lead Physician - \xa0leading worldwide online panel of practising Physicians who participate in online medical market research surveys']",Beed,6,3,1,3,3,9,3,20,48,6,Doctor
ChIJT4yZHNkrxTsRzQtiZL_Ymss,Dr Disha,"Shop no 1 juna mondha,Juna, New Mondha Rd, Beed, Maharashtra 431122, India",0,0,18.9997935,75.763428,431122,0,300,['General Physician'],,,,,Beed,1,1,1,3,1,1,0,20,28,3.5,Doctor
ChIJ44BLWJ8rxTsR4jpcflrJVYg,Dr Vijay Ramchandra Gholve,"Hospital for Women Care, Rajiv Gandhi Road Near Yashwantrav Chavan Natyagruha, beside Mahila College, Beed, Maharashtra 431122, India",0,0,18.990088,75.7531324,431122,0,100,['General Physician'],,,,,Beed,1,1,1,3,1,1,0,20,28,3.5,Doctor
ChIJyfeNuEkrxTsRpaRXCOYH4qE,Dr Santosh Bandu Kadam,"Plot No-1/7/1300, Ashirwad Hospital, East, Driving School St, near Sahyadri Hotel, Vallabh Vidyanagar, Beed, Maharashtra 431122, India",0,0,18.9819246,75.7545729,431122,30,1000,['General Physician'],"['MBBS - S.M.S. Medical College, Jaipur - 1991', 'DGE - Lady Hardinge Medical College, New Delhi - 1994']","['Hysteroscopy', 'Infertility Evaluation / Treatment', 'Caesarean Section (C Section)', 'Hysterectomy (Abdominal/Vaginal)', 'Ultrasound Scan', 'Contrast Radiography', 'Lab Investigations', 'Angiography Radial Approach', 'Copper-T & Multiload', 'Family Planning Surgery', 'Surgical Abortion', 'Preventive Gynaecology', 'All Gynae Surgery', 'Hi-Tech Laproscopy', 'Normal Vaginal Delivery (NVD']",,"['Association of Obstetricians & Gynaecologists of Delhi (AOGD)', 'Federation of Obstetric and Gynaecological Societies of India (FOGSI)']",Beed,2,3,1,3,3,15,0,20,47,5.88,Doctor
ChIJC4Xg6ugrxTsR1Cz3dB_IdpI,Dr. Sudhakar V Reddy,"Mahatma Basveshwar Balakashram, Navjeevan Clinic Shikshak Colony, Shahunagar, Mukramabad, Beed, Maharashtra 431517, India",0,0,18.993028,75.7499469,431517,25,300,['General Physician'],"['DGO - Vardhman Mahavir Medical College & Safdarjung Hospital, New Delhi, 2002', 'MBBS - MEERUT UNIVERSITY, MEERUT, 1994', 'DNB - Obstetrics & Gynecology - DNB board, New Delhi, 1999']","['Diseases in Pregnancy', 'Pre and Post Delivery Care', 'Infertility Evaluation / Treatment', 'High-Risk Pregnancy Care', 'Female Infertility Treatment', 'Pregnancy Hypertension (Preeclampsia/ Eclampsia)', 'Uterus/ Uterine Prolapse Treatment']",,"['Indian Medical Association (IMA)', 'Delhi Medical Council', 'Medical Council of India (MCI)', 'Federation of Obstetric and Gynaecological Societies of India (FOGSI)']",Beed,9,2,1,3,1,1,6,10,33,4.13,Doctor
ChIJ_8Iz6JErxTsR8zeg4MpF3rU,Dr Sunil M Waghmare,"Pulse Hospital, Driving School St, near Mukta Lawns Oppo Renu Hospital, Beed, Maharashtra 431122, India",63,5,18.9793665,75.756063,431122,15,1000,['General Physician'],"['MBBS - Ranchi University, Ranchi, 1997', 'MS - Obstetrics & Gynaecology - University of Patna, Patna, 2004']","['Diseases in Pregnancy', 'menopause advice', 'Menstrual Disorders in Adolescent Girls', 'Post pregnancy Classes', 'High-Risk Pregnancy Care', 'Caesarean Section (C Section)', 'Laparoscopic Surgery (Obs & Gyn)', 'Pregnancy with PCOD', 'Pregnant Women Counseling', 'Family Planning']",,,Beed,5,3,1,3,1,7,0,20,40,5,Doctor
ChIJ68cf6_QrxTsRHigQqEqVEao,Dr Nazia izhar,"Apex Hospital, Bashir Ganj, Bir, Beed, Maharashtra 431122, India",21,4.2,18.9901893,75.7556821,431122,0,500,['General Physician'],"['Research Fellow – University of California, Los Angeles (UCLA), California (3 months)', 'MD (Obstetrics & Gynaecology) - Rohtak Medical College (1988)', 'MBBS – Rohtak Medical College (1984)']","['High Risk Obstetrics', 'Infertility and Reproductive Medicine', 'Adolescent Gynaecology', 'Reproductive Endocrinology', 'Menopausal Health & Geriatrics']","['Winner of President’s Silver Medal – 1st in MBBS', 'Bronze Medal – 2nd in Surgery', 'Bronze Medal – 2nd in Eye and ENT', 'Bronze Medal – 2nd in Pathology']","['Life Member, FOGSI', 'Life Member, East Delhi Gynae Forum', 'Life Member, Indian Menopausal Society']",Beed,3,2,1,3,3,10,0,20,42,5.25,Doctor
ChIJEyzvLDot2zsR19tvseFy-PA,Dr Yogeshwari,"Shop No 1, Khalapuri, Maharashtra 414205, India",0,0,19.0419331,75.5632299,414205,31,800,['General Physician'],"['MD in Gynaecology - safdarjung hospital - 1999', 'MBBS - Lady Hardinge Medical College, New Delhi - 1990']","['Sexual / marital counseling', 'Non descent vaginal hystrectomy', 'Cervical Cancer Screening and Treatment', 'Non- surgical treatment for menstrual irregularities']",,,Beed,4,1,1,3,1,5,4,10,29,3.63,Doctor
ChIJr3NdNIAnxTsRHQPh5j66QPA,Dr Sachin Shesherao,"Ganpati hospital, in front of bus stand, Neknoor, Maharashtra 431125, India",0,0,18.8067164,75.7807525,431125,37,600,['General Physician'],"['M Med Sc ( ART ) - University of Nottingham UK - 2009', 'MD  - Rohtak Medical College - 1990', 'MBBS - Rohtak Medical College - 1984', 'DGO - Rohtak Medical College - 1988']",,,,Beed,3,4,1,3,3,4,0,10,28,3.5,Doctor
ChIJuZBHCoVNxTsRbZeAFEvU2Fo,Dr Norani Masjid,"X6P5+X2X, Telgaon - Dindrud - Mohkhed Rd, Bhopa, Maharashtra 431128, India",0,0,18.9874996,76.2076218,431128,22,600,['General Physician'],"['MD - Obstetrics and Gynaecology', 'M.B.B.S.']","['High-risk Pregnancy', 'Gynaecological Surgery', 'Infertility']",['Recognition certificate in PCOD management'],"['Indian Medical Association (IMA)', 'Life Member - Association of Obstetricians & Gynaecologists of Delhi (AOGD)', 'Delhi Medical Association (DMA)']",Beed,5,3,1,3,2,1,0,20,35,4.38,Doctor
ChIJhyoXk9_fxDsRx3sptQmyM64,Dr Sanjivani chousala,"Shop No 1, Chousala, Maharashtra 431126, India",0,0,18.7088371,75.6915854,431126,24,600,['General Physician'],"[{'qualification': 'MBBS', 'is_qualification_valid_in_country': True, 'college': 'Institute of Medical Sciences, Banaras Hindu University (IMS-BHU)', 'completion_year': 1997}, {'qualification': 'MD - Obstetrics & Gynaecology', 'is_qualification_valid_in_country': True, 'college': 'Institute of Medical Sciences, Banaras Hindu University (IMS-BHU)', 'completion_year': 2001}, {'qualification': 'DNB - Obstetrics & Gynecology', 'is_qualification_valid_in_country': True, 'college': 'National Borad of Examinations Ministry of Health Government of India', 'completion_year': 2003}]",,,,Beed,3,3,1,3,2,3,1,20,36,4.5,Doctor
ChIJ4_3sC9sqxTsR24cb9Pzg7KI,Dr kadam,"XQV2+WHV, Kranti Nagar, Beed, Maharashtra 431122, India",2,2.5,18.9948625,75.7514191,431122,0,600,['General Physician'],"['MBBS, 'DNB'(obs and gynae), 'DGO']","['Sexual / marital counseling', 'Non descent vaginal hystrectomy', 'Cervical Cancer Screening and Treatment', 'Non- surgical treatment for menstrual irregularities']",,['Delhi Medical Council'],Beed,6,4,1,3,2,1,0,20,37,4.63,Doctor
ChIJGeqUp5D3zzsRS8TvLRJNy9w,Dr Sudhanshu,"Swati Nagar, Habib Pura, Parli Vaijnath, Maharashtra 431515, India",3,3.7,18.8476578,76.5248169,431515,21,500,['General Physician'],"['MD - Government Medical College, Jammu - 2000']",['Obstetrics And Gynaecology'],,,Beed,2,3,1,3,1,1,0,20,31,3.88,Doctor
ChIJY9sg9W0rxTsRcubPr_3__xI,Dr Mahesh Giri,"XPJQ+JQM, Mahatma Phule Nagar, Beed, Maharashtra 431122, India",0,0,18.9815874,75.7394329,431122,38,1000,['General Physician'],"[{'qualification': 'MBBS', 'is_qualification_valid_in_country': True, 'college': 'Lady Hardinge Medical College, Delhi', 'completion_year': 1979}, {'qualification': 'DGO', 'is_qualification_valid_in_country': True, 'college': 'Lady Hardinge Medical College and Smt. Sucheta Kriplani Hospita', 'completion_year': 1982}, {'qualification': 'MD - Obstetrics & Gynaecology', 'is_qualification_valid_in_country': True, 'college': 'Maulana Azad Medical College and LNJPN Hospital', 'completion_year': 1984}]",,,,Beed,6,2,1,3,3,1,0,20,36,4.5,Doctor
ChIJgVMDTCr3zzsR1p_dARCU0SE,Dr Nirmal Patil,"Parli - Ambajogai Rd, Parli Vaijnath, Maharashtra 431515, India",0,0,18.837214,76.5103037,431515,33,800,['General Physician'],"['MD - Obstetrtics & Gynaecology - Avdhesh Pratap Singh University Reva - 1991', 'MBBS Bachelor of Medicine and Bachelor of Surgery - Avdhesh Pratap Singh University Reva - 1988']","['High Risk Pregnancy', 'Adolescent Sexual Health']",,"['FOGSI', 'DMC', 'AOGD', 'NARCHI', 'Indian Menopausal Society']",Beed,5,4,1,3,3,1,0,20,37,4.63,Doctor
ChIJ_2aFvqY_xTsRFzDgy8bimJg,Dr Sarthak Bhalerao,"Beed Rd, near Mauli Traders, Kaij, Maharashtra 431123, India",2,5,18.7184184,76.0529918,431123,17,600,['General Physician'],"['M.B.B.S - GSVM Medical College, Kanpur, 2003', 'D.G.O - GSVM Medical College, Kanpur, 2005']","['Gynae Problems', 'Consultation', 'Gynaecological Laproscpy']",,,Beed,3,4,1,3,3,2,0,20,36,4.5,Doctor
ChIJcaGJi-FFxTsRVE15d-n9dbk,Generic Medical,"Q6HJ+PJJ, Adas Rd, Adas, Maharashtra 431517, India",0,0,18.7793238,76.2315083,431517,0,0,0,0,0,0,0,Beed,0,0,1,1,0,0,0,0,2,1,Pharmacy
ChIJtwrjVWFFxTsR3mvZoqYWR40,Mauli Medical And General Store,"Shop No 1 Adas Hol, Road, Adas, Maharashtra 431517, India",0,0,18.7783298,76.2293857,431517,0,0,0,0,0,0,0,Beed,0,0,1,1,0,0,0,0,2,1,Pharmacy
ChIJGW7RHIZExTsRHgyl8fm0RSg,Bhate Medical & Gen Stores,"Adas, Maharashtra 431517, India",15,5,18.7796636,76.2297292,431517,0,0,0,0,0,0,0,Beed,0,0,1,3,0,0,0,0,4,2,Pharmacy
ChIJ1eVsyqVFxTsRKEuNSNhDmAE,Swami Samarth Medical,"Shop No 6, Adas Rd, Shivaji Chowk, Adas, Maharashtra 431517, India",0,0,18.7797015,76.2313955,431517,0,0,0,0,0,0,0,Beed,0,0,1,1,0,0,0,0,2,1,Pharmacy
ChIJM2PnAIZExTsRqhprTQix2hk,Vaidyanath Medical Stores,"Q6HJ+R5R, Adas - Ambajogai Rd, Kirmani Nagar, Ambajogai, Maharashtra 431517, India",0,0,18.7796265,76.2303415,431517,0,0,0,0,0,0,0,Beed,0,0,1,1,0,0,0,0,2,1,Pharmacy
ChIJOVk0aPtFxTsRBJdW4nTjZlM,Matoshri Medical,"Shop 01 Men Chok Asardhov, Maharashtra 431124, India",0,0,18.8166953,76.2484549,431124,0,0,0,0,0,0,0,Beed,0,0,1,1,0,0,0,0,2,1,Pharmacy
ChIJGxQvC-xRxTsRZkHWydBFGds,Mahesh Medical,"Main Road, Moha, Maharashtra 431128, India",0,0,18.8916596,76.3132775,431128,0,0,0,0,0,0,0,Beed,0,0,1,1,0,0,0,0,2,1,Pharmacy
ChIJb8kOa1dHxTsRm0h_of_h6VY,Vaishnavi Medical And General Stores,"Shop 05, Adas Road, Dharur, Maharashtra 431124, India",0,0,18.8190982,76.1151229,431124,0,0,0,0,0,0,0,Beed,0,0,1,1,0,0,0,0,2,1,Pharmacy
ChIJsXFGvUZHxTsRNo-gHGtwNps,Pratik Medical And General Stores,"Shop No 1 Chatrapati Shivaji Maharaj Wapari Sankul Main Market, Dharur, Maharashtra 431124, India",0,0,18.8206135,76.1129165,431124,0,0,0,0,0,0,0,Beed,0,0,1,1,0,0,0,0,2,1,Pharmacy
ChIJI9JR-_NfxTsRVyECOa3N8dM,Shree Sai Agency And Medical And General Store,"shop no 1 Ambajgoai beed Ambajgoai, Beed, Maharashtra 431517, India",0,0,18.7324837,76.4076992,431517,0,0,0,0,0,0,0,Beed,0,0,1,1,0,0,0,0,2,1,Pharmacy
ChIJZQBeV51dxTsRI0ClhNY7be4,Kedar Medical,"Lokhandi Sawargaon, Bid, SH-144, Parli Ambajogai Ahemadpur Road, Beed, Beed, Maharashtra 431517, India",1,5,18.6940855,76.3176968,431517,0,0,0,0,0,0,0,Beed,0,0,1,3,0,0,0,0,4,2,Pharmacy
ChIJVwEActZBxTsRSCFmSihcw6k,Vighnharta Medical,"Shop No 1 Kumbhephal, Road, Kaij, Maharashtra 431123, India",0,0,18.712026,76.1356332,431123,0,0,0,0,0,0,0,Beed,0,0,1,1,0,0,0,0,2,1,Pharmacy
ChIJPx4ihAhBxTsRjquRteZTghk,Shivaji Medical And General Stores,"Shop No 1 Chandansawrgoan, Road, Kaij, Maharashtra 431123, India",1,5,18.707993,76.1780848,431123,0,0,0,0,0,0,0,Beed,0,0,1,3,0,0,0,0,4,2,Pharmacy
ChIJlcZUWBVHxTsRU4__z1nHsg4,Rampal Shivnarayan Toshniwal Medical & General Stores,"Dharur Main Rd, near State Bank Of India, Dharur, Maharashtra 431124, India",15,4.9,18.8202754,76.1112059,431124,0,0,0,0,0,0,0,Beed,0,0,1,3,0,0,0,0,4,2,Pharmacy
ChIJTxGCzfZHxTsRWgQ0q74Kkp8,Bhau Medical,"Shop 05 Men Road, Dharur, Maharashtra 431124, India",0,0,18.8229148,76.1134901,431124,0,0,0,0,0,0,0,Beed,0,0,1,1,0,0,0,0,2,1,Pharmacy
ChIJAyo9Hvg_xTsRE6K8ySFI66M,Shivraj Herbal Medical,"Shop No 1, Kaij, Maharashtra 431123, India",0,0,18.7154127,76.0659452,431123,0,0,0,0,0,0,0,Beed,0,0,1,1,0,0,0,0,2,1,Pharmacy
ChIJcZ6z230_xTsRyN8_Uols6iM,Vasant Pharmacy College Kaij.,"P3C6+X2H, Latur, Beed Rd, Kaij, Maharashtra 431123, India",4,4,18.7196803,76.0549006,431123,0,0,0,0,0,0,0,Beed,0,0,1,2,0,0,0,0,3,1.5,Pharmacy
ChIJd_WmoKs_xTsRJBYjiEUb23g,Ashwini Medical & General Store Yevta,"Shop No 6 Main Road Yevata Kaij Main Road, Maharashtra 431123, India",0,0,18.7141393,76.0683109,431123,0,0,0,0,0,0,0,Beed,0,0,1,1,0,0,0,0,2,1,Pharmacy
ChIJ9UnhRNE_xTsRp5LOCVtCUOQ,Shri Mauli Medical,"Shop 02, Beed - Kaij Hwy, Kaij, Maharashtra 431123, India",0,0,18.7153023,76.0613391,431123,0,0,0,0,0,0,0,Beed,0,0,1,1,0,0,0,0,2,1,Pharmacy
ChIJGV47n8RHxTsRDkiAJuVv5oQ,Sanjivani Medical,"5, Main Road, Dharur, Maharashtra 431124, India",0,0,18.8190828,76.1145456,431124,0,0,0,0,0,0,0,Beed,0,0,1,1,0,0,0,0,2,1,Pharmacy
ChIJMcisA7o_xTsRa-mdOiVUnEg,Jaihanuman Medical,"Shop No 1, Beed - Kaij Hwy, Kaij, Maharashtra 431123, India",0,0,18.7191667,76.0524316,431123,0,0,0,0,0,0,0,Beed,0,0,1,1,0,0,0,0,2,1,Pharmacy
ChIJVY3YwQNNxTsRVjx6BEtChrI,Morya Medical & General,"1 Main Road, Dindrud, Maharashtra 431128, India",0,0,18.9897118,76.2505637,431128,0,0,0,0,0,0,0,Beed,0,0,1,1,0,0,0,0,2,1,Pharmacy
ChIJjWe1PVo_xTsRoYYn4il044c,Green Plus Medical And General Stores,"2 Mangalwar Peth, Kaij, Maharashtra 431123, India",0,0,18.7112591,76.0701486,431123,0,0,0,0,0,0,0,Beed,0,0,1,1,0,0,0,0,2,1,Pharmacy
ChIJ4VITiJ1fxTsRACga-b-kf4E,Healthcare Pharmaceutical,"P98F+FQJ, Varad Height, Ambajogai, Maharashtra 431517, India",1,5,18.7162209,76.3743925,431517,0,0,0,0,0,0,0,Beed,0,0,1,3,0,0,0,0,4,2,Pharmacy
ChIJ223Ub-M_xTsRiS2uu36rgqk,Bhagwan Medical,"P379+FXP, Kaij, Maharashtra 431123, India",1,1,18.7137006,76.0699333,431123,0,0,0,0,0,0,0,Beed,0,0,1,1,0,0,0,0,2,1,Pharmacy
ChIJEbgBkXQ_xTsRJvuq3qKW5T8,Yash Medical &General Stores,"P377+MPP, kanadi road, Kaij, Maharashtra 431123, India",0,0,18.714218,76.0643099,431123,0,0,0,0,0,0,0,Beed,0,0,1,1,0,0,0,0,2,1,Pharmacy
ChIJm_jiqQ5BxTsRF1vt2hZBP-E,Lokseva Midical,"Shop 01 Ambejogai Road, Kaij, Maharashtra 431123, India",0,0,18.7135839,76.0897462,431123,0,0,0,0,0,0,0,Beed,0,0,1,1,0,0,0,0,2,1,Pharmacy
ChIJzz51caA_xTsR-jgS_xyZQsA,Pooja Medical & General Store,"Kanadi, Road, Kaij, Maharashtra 431123, India",0,0,18.7158007,76.066666,431123,0,0,0,0,0,0,0,Beed,0,0,1,1,0,0,0,0,2,1,Pharmacy
ChIJy0GHn61HxTsRzpw58w8WxQw,Radha Medical And General Stores,"Shop 02, Uday Nagar, Dharur, Maharashtra 431124, India",0,0,18.8196153,76.1120225,431124,0,0,0,0,0,0,0,Beed,0,0,1,1,0,0,0,0,2,1,Pharmacy
ChIJO5RwP8Q_xTsRmCfg087hEuw,Radhai Medical & General Stores,"Pratibha Nursing Home opposite Deshmukh complex, Beed Rd, Kaij, Maharashtra 431123, India",0,0,18.7153492,76.0611106,431123,0,0,0,0,0,0,0,Beed,0,0,1,1,0,0,0,0,2,1,Pharmacy
ChIJx-TAU7xHxTsRHftPKV1WkrQ,Raj Medical & General Store,"DHARUR TELGAON RAOD, NEAR STATE BANK OF INDIA SHIKSHAK COLONY BYPASS, ROAD, Dharur, Maharashtra 431124, India",3,4.3,18.8225091,76.1137027,431124,0,0,0,0,0,0,0,Beed,0,0,1,3,0,0,0,0,4,2,Pharmacy
ChIJBR1kg0k_xTsRQG3TyUGnNRo,Vasant Pharmacy College Kaij,"P2FR+2CM, Kaij - Manjarsumba Hwy, Takli, Maharashtra 431123, India",0,0,18.7225863,76.0410339,431123,0,0,0,0,0,0,0,Beed,0,0,1,1,0,0,0,0,2,1,Pharmacy
ChIJFazJBZ0_xTsRZ78vlWzyuTo,Mauli Medical &General Store,"Shop No 1, Kaij, Maharashtra 431123, India",0,0,18.7139704,76.0650002,431123,0,0,0,0,0,0,0,Beed,0,0,1,1,0,0,0,0,2,1,Pharmacy
ChIJoYRW380_xTsRw6yxZH4djTo,Tuljai Medical And General Stores,"Shop No 7 Main Road Kaij Main Road, Maharashtra 431123, India",0,0,18.7140294,76.0667885,431123,0,0,0,0,0,0,0,Beed,0,0,1,1,0,0,0,0,2,1,Pharmacy
ChIJRU9izn5MxTsRJJzgNrcQSvY,Siya Medical,"X5RJ+PV7, Telgaon, Majalgaon, Bid, Parli Vaijanath Beed Highway, Telgaon Dindrud Mohkhed Road, Beed, Beed, Maharashtra 431131, India",0,0,18.991797,76.1821438,431131,0,0,0,0,0,0,0,Beed,0,0,1,1,0,0,0,0,2,1,Pharmacy
ChIJH15SVg1BxTsRaB7cu4nJwBY,Shree Dnyneshwar Medical,"Shop No 1, Main Road, Kaij, Maharashtra 431123, India",0,0,18.713428,76.0894733,431123,0,0,0,0,0,0,0,Beed,0,0,1,1,0,0,0,0,2,1,Pharmacy
ChIJ29fNoZZmxTsR2ulD9PDfc4M,Shree Banashankari Medical,"Patoda, Bid, SH-162, Ambejogai Tandulja Murud Road, Beed, Beed, Maharashtra 431517, India",0,0,18.6073709,76.3361977,431517,0,0,0,0,0,0,0,Beed,0,0,1,1,0,0,0,0,2,1,Pharmacy
ChIJhX6n3d4_xTsR1Dvgemt8sn4,Maharashtra Medical,"Shop No 1, Kaij, Maharashtra 431123, India",0,0,18.7147489,76.0626834,431123,0,0,0,0,0,0,0,Beed,0,0,1,1,0,0,0,0,2,1,Pharmacy
ChIJvdn7mHU_xTsRMB3UK2sVe94,Sarju Medical,"P388+9QC, Kaij, Maharashtra 431123, India",0,0,18.7159426,76.0668822,431123,0,0,0,0,0,0,0,Beed,0,0,1,1,0,0,0,0,2,1,Pharmacy
ChIJXUBeAKhHxTsRArLkFtbjLVU,K R Dange Medical And General Store,"Shop No 1, Kaij - Dharur Rd, Uday Nagar, Dharur, Maharashtra 431124, India",0,0,18.8194947,76.1136031,431124,0,0,0,0,0,0,0,Beed,0,0,1,1,0,0,0,0,2,1,Pharmacy
ChIJ____nL1HxTsRdfRoa_opMgs,"Ramesh Waman Chidrawar, Medical & General Stores","R4C5+5V8, Dharur, Maharashtra 431124, India",1,5,18.8203856,76.1097074,431124,0,0,0,0,0,0,0,Beed,0,0,1,3,0,0,0,0,4,2,Pharmacy
ChIJiXl5p8FfxTsRO0AbZ_5vZO0,Yogeshwari Medical,"Shop No 1, Tathgat Chowk, Ambajogai, Maharashtra 431517, India",0,0,18.7245206,76.389651,431517,0,0,0,0,0,0,0,Beed,0,0,1,1,0,0,0,0,2,1,Pharmacy
ChIJe2nYbf5VxTsRip1DMUd35F8,Gajanan Medical And General Store,"Shop No 1, Sirsala - Ambejogai Rd, Sirsala, Beed, Maharashtra 431128, India",0,0,18.9736426,76.3759483,431128,0,0,0,0,0,0,0,Beed,0,0,1,1,0,0,0,0,2,1,Pharmacy
ChIJLy3U_4VJxTsRXEQV_UV6ia4,Balaji Sundaram Medical,"W4PW+HP3, Pathari - Pokharni Rd, Maharashtra 431124, India",0,0,18.9363884,76.1468035,431124,0,0,0,0,0,0,0,Beed,0,0,1,1,0,0,0,0,2,1,Pharmacy
ChIJCwXPgPs_xTsRImhQ2eAgJLg,Sumit Medicare & General Stores Kaij,"Shop No 01, Kaij, Maharashtra 431123, India",0,0,18.7170519,76.0664223,431123,0,0,0,0,0,0,0,Beed,0,0,1,1,0,0,0,0,2,1,Pharmacy
ChIJPfWjn3Y_xTsR1D6VdIICfF4,Bhagvati Medical Stores,"P379+H85, Kaij - Dharur Rd, Kaij, Maharashtra 431123, India",6,4,18.713884,76.0683522,431123,0,0,0,0,0,0,0,Beed,0,0,1,2,0,0,0,0,3,1.5,Pharmacy
ChIJVfd2Sbs7xTsROj6ZWDeBTsg,Renuka Medical And General Store,"Shop No 1 Shindhi Beed Shindhi, Beed, Maharashtra 431123, India",0,0,18.7959913,75.9552143,431123,0,0,0,0,0,0,0,Beed,0,0,1,1,0,0,0,0,2,1,Pharmacy
ChIJo8kj-3hNxTsR597uux5WEnw,Shreya Medical,"5 Main Road Telgaion, Beed, Maharashtra 431131, India",0,0,18.9912811,76.1816628,431131,0,0,0,0,0,0,0,Beed,0,0,1,1,0,0,0,0,2,1,Pharmacy
ChIJN92n8hxfxTsRBlxknIlBoXE,Ganesh Medical,"Mali Rd, near sawta Mali chowk, Mali Nagar, Ambajogai, Maharashtra 431517, India",3,5,18.730675,76.39689,431517,0,0,0,0,0,0,0,Beed,0,0,1,3,0,0,0,0,4,2,Pharmacy
ChIJ4zob3IZfxTsRq9hul4uC7yQ,Sadbhavna Medical Store,"P9JG+FMM, Fatema Nagar, Ambajogai, Maharashtra 431517, India",2,5,18.7312155,76.376665,431517,0,0,0,0,0,0,0,Beed,0,0,1,3,0,0,0,0,4,2,Pharmacy
ChIJsyjpIXQ_xTsRmRi7xN0-wiI,Tejashree Medical,"P379+H57, Main Rd, Kaij, Maharashtra 431123, India",2,5,18.7139029,76.0679314,431123,0,0,0,0,0,0,0,Beed,0,0,1,3,0,0,0,0,4,2,Pharmacy
ChIJ8434dUpfxTsR4ABEwiaWTf0,Prathviraj Medical,"Shop No 1, Santosh Palace, opposite Beed, Mali Nagar, Ambajogai, Maharashtra 431517, India",0,0,18.7331636,76.3959992,431517,0,0,0,0,0,0,0,Beed,0,0,1,1,0,0,0,0,2,1,Pharmacy
ChIJwUli8ClHxTsRkNoLZOR26ig,Sachin Medical,"R5Q8+2V3, Aswala, Maharashtra 431124, India",3,5,18.8375168,76.167177,431124,0,0,0,0,0,0,0,Beed,0,0,1,3,0,0,0,0,4,2,Pharmacy
ChIJH8TIyl4_xTsR3kiru2iBfhE,Atul Medical,"Atul medical Kanadi, Road, Kaij, Maharashtra 431123, India",1,5,18.724464,76.0696442,431123,0,0,0,0,0,0,0,Beed,0,0,1,3,0,0,0,0,4,2,Pharmacy
ChIJW-3KgwlDxTsR-_D7pFs6JNM,Ram Medical And General Stores,"Shop No 2 Main Road Hoal, Maharashtra 431517, India",1,5,18.7046047,76.2360189,431517,0,0,0,0,0,0,0,Beed,0,0,1,3,0,0,0,0,4,2,Pharmacy
ChIJU6vA0a0_xTsR0hQnKU34Fdw,Sant Dyaneshwar Medical,"P378+HQ4, Kaij, Maharashtra 431123, India",1,5,18.7138917,76.0669578,431123,0,0,0,0,0,0,0,Beed,0,0,1,3,0,0,0,0,4,2,Pharmacy
ChIJabt4zn5MxTsRm_vYxTo6eV0,Sanjeevani Medical,"X5RJ+PV2, Telgaon, Majalgaon, Bid, Parli Vaijanath Beed Highway, Telgaon Dindrud Mohkhed Road, Beed, Beed, Maharashtra 431131, India",0,0,18.9917515,76.1821508,431131,0,0,0,0,0,0,0,Beed,0,0,1,1,0,0,0,0,2,1,Pharmacy
ChIJNWJHBV5exTsRSz0GU32t51Y,Orthopedic Pharmacy,"P9HQ+82H, Unnamed Road, Morewadi, Ambajogai, Maharashtra 431517, India",0,0,18.7283123,76.3876047,431517,0,0,0,0,0,0,0,Beed,0,0,1,1,0,0,0,0,2,1,Pharmacy
ChIJ_1DVYD9fxTsRYWpV6NMqeVk,Shri Sumati Medical And General,"Shop No 1 Main Road Ambajogai, Ambajogai, Maharashtra 431517, India",0,0,18.7304041,76.3888381,431517,0,0,0,0,0,0,0,Beed,0,0,1,1,0,0,0,0,2,1,Pharmacy
ChIJY8NKvClfxTsRH4xN6r-VbOA,Bharat Medical And General Store,"Jaywanti Nagar, Ambajogai, Maharashtra 431517, India",1,5,18.7317,76.3860896,431517,0,0,0,0,0,0,0,Beed,0,0,1,3,0,0,0,0,4,2,Pharmacy
ChIJIe8Y4EtfxTsR408uqUNFmWY,New Namrata Medical And General Store,"HOUSING SOCIETY, Ambajogai, Maharashtra 431517, India",0,0,18.7297881,76.3865229,431517,0,0,0,0,0,0,0,Beed,0,0,1,1,0,0,0,0,2,1,Pharmacy
ChIJvyza211fxTsRGbEosd_MstI,Suyash Medical & Genral Store,"SHOP NO 6, RING ROAD, Yogeshwari Nagari, Morewadi, Ambajogai, Maharashtra 431517, India",9,5,18.7245331,76.3865451,431517,0,0,0,0,0,0,0,Beed,0,0,1,3,0,0,0,0,4,2,Pharmacy
ChIJqVkWq9VfxTsRtgB-C3CB3-o,Om Medical And General Store,"Shop No 1 Main Road Ambajogai, Ambajogai, Maharashtra 431517, India",0,0,18.7296813,76.3883778,431517,0,0,0,0,0,0,0,Beed,0,0,1,1,0,0,0,0,2,1,Pharmacy
ChIJRZP289ZfxTsReKMG_GgYr5I,Sanjeevani Pharmecy,"P9PR+6H4, Bhatt Galli, Ganeshpar, Gawli Pura, Ambajogai, Maharashtra 431517, India",0,0,18.7355148,76.3914656,431517,0,0,0,0,0,0,0,Beed,0,0,1,1,0,0,0,0,2,1,Pharmacy
ChIJy_A5YH9fxTsRZkYH-U1pvMg,Shivneri Medical,"Shop No 1, Jaywanti Nagar, Ambajogai, Maharashtra 431517, India",0,0,18.7271823,76.3886482,431517,0,0,0,0,0,0,0,Beed,0,0,1,1,0,0,0,0,2,1,Pharmacy
ChIJYSQfzEZfxTsRliEh_17moXg,Dhanwantari Medical And General Store,"Shop No 2, Shree Nagar, Vivekanand Nagar, Ambajogai, Maharashtra 431517, India",0,0,18.7358049,76.3993382,431517,0,0,0,0,0,0,0,Beed,0,0,1,1,0,0,0,0,2,1,Pharmacy
ChIJcWHlI1VfxTsR3J8zp-6bak8,Shree Satyam Medical & General Store,"Ambedkar Chowck, Kholeshvar, College Rd, Ambajogai, Maharashtra 431517, India",5,5,18.7332526,76.3956849,431517,0,0,0,0,0,0,0,Beed,0,0,1,3,0,0,0,0,4,2,Pharmacy
ChIJkboKK-JfxTsRaujd0RWyaqs,Mauli Medical And General Stores ,"P99C+5WG, Bank Colony, Ambajogai, Maharashtra 431517, India",1,3,18.7179347,76.3723403,431517,0,0,0,0,0,0,0,Beed,0,0,1,2,0,0,0,0,3,1.5,Pharmacy
ChIJhW0bS45fxTsR9CCK5v2MqVg,Shrikrishna Medical Stores,"Shop No 1, Bansilal Nagar, Morewadi, Ambajogai, Maharashtra 431517, India",0,0,18.7277129,76.3873545,431517,0,0,0,0,0,0,0,Beed,0,0,1,1,0,0,0,0,2,1,Pharmacy
ChIJ_z7BKu9fxTsRCinfm_HeZLY,Shreya Medical And General,"2, Main Road, Gawli Pura, Ambajogai, Maharashtra 431517, India",0,0,18.7341311,76.3978868,431517,0,0,0,0,0,0,0,Beed,0,0,1,1,0,0,0,0,2,1,Pharmacy
ChIJywT98opfxTsRw1Hl_qZiPIY,Amol Medical,"P9GP+P3F, Prashant Nagar, Morewadi, Ambajogai, Maharashtra 431517, India",0,0,18.7267931,76.385158,431517,0,0,0,0,0,0,0,Beed,0,0,1,1,0,0,0,0,2,1,Pharmacy
ChIJ2XgBB_VexTsR5l6bP14FpRg,H.S.Mantri Medical Shop,"Yogeshwari Mandir Marg, Gawli Pura, Ambajogai, Maharashtra 431517, India",5,4.8,18.7359584,76.3896044,431517,0,0,0,0,0,0,0,Beed,0,0,1,3,0,0,0,0,4,2,Pharmacy
ChIJuUWV-plfxTsRqo_z5UA3mMk,Mahesh Medical And General Stores,"Shop No 1 Ambajogai Main Market, Maharashtra 431517, India",0,0,18.7301953,76.3885123,431517,0,0,0,0,0,0,0,Beed,0,0,1,1,0,0,0,0,2,1,Pharmacy
ChIJMxSwSlxexTsRTEOeWrNLxkI,Lomte Medical Agency,"Prashant Nagar, Jaywanti Nagar, Ambajogai, Maharashtra 431517, India",7,4.4,18.7263202,76.3897307,431517,0,0,0,0,0,0,0,Beed,0,0,1,3,0,0,0,0,4,2,Pharmacy
ChIJLxTNxlVfxTsRxYbccAr4nio,Health Care Pharmaceutical,"P9GJ+VC4, Varad Height, Ambajogai, Maharashtra 431517, India",0,0,18.7271336,76.3810922,431517,0,0,0,0,0,0,0,Beed,0,0,1,1,0,0,0,0,2,1,Pharmacy
ChIJuR8DGR9fxTsRROaRWaSk6I4,Sai Medical And General Store,"Shop No.4, House No.9-75/1,Upper Gr. Floor,Krishna Arcade Bansilal Nagar, saigaon, Naka, Morewadi, Ambajogai, Maharashtra 431517, India",1,5,18.7279126,76.3874057,431517,0,0,0,0,0,0,0,Beed,0,0,1,3,0,0,0,0,4,2,Pharmacy
ChIJT-eSZ7BfxTsR5Sr432TY4PA,Medical Shop,"P9JC+99W, Ambajogai, Maharashtra 431517, India",0,0,18.7309855,76.3709675,431517,0,0,0,0,0,0,0,Beed,0,0,1,1,0,0,0,0,2,1,Pharmacy
ChIJWwlXGqBfxTsRnRp5bO8pZJ8,Shivshakti Medical,"Shop No 1 Ambajogai Jaywant Nagar, Maharashtra 431517, India",0,0,18.7309922,76.3926813,431517,0,0,0,0,0,0,0,Beed,0,0,1,1,0,0,0,0,2,1,Pharmacy
ChIJAyiFLvVexTsR-YXpru-vyAE,Shreetej Medicine Shopee,"P9PP+8WC, Yogeshwari Mandir Marg, Gawli Pura, Ambajogai, Maharashtra 431517, India",2,5,18.7358085,76.3872753,431517,0,0,0,0,0,0,0,Beed,0,0,1,3,0,0,0,0,4,2,Pharmacy
ChIJof_4z0NfxTsRO35rQylWrn4,Krushna Medical,"Shop No 6 Main Chowk Amba Road, Maharashtra 431517, India",0,0,18.7322928,76.3795843,431517,0,0,0,0,0,0,0,Beed,0,0,1,1,0,0,0,0,2,1,Pharmacy
ChIJ-9-xuV9exTsRys-aIr2fVIM,Arun Medical Stores,"P9JQ+GCV, Parli Rd, Sawarkar chaowk, Ambajogai, Maharashtra 431517, India",1,5,18.7313495,76.3885325,431517,0,0,0,0,0,0,0,Beed,0,0,1,3,0,0,0,0,4,2,Pharmacy
ChIJ1WQLKnNfxTsR0HqvfW01Xc0,Royal Medical,"Opposite Panchayat Samity Main Road, Gandhinagar, Gawli Pura, Ambajogai, Maharashtra 431517, India",3,4.7,18.7316769,76.3875383,431517,0,0,0,0,0,0,0,Beed,0,0,1,3,0,0,0,0,4,2,Pharmacy
ChIJZb64AF1exTsRryXkJjCPvAQ,Shri Medical,"Pokhari Rd, Anand Nagar, Ambajogai, Maharashtra 431517, India",6,4.8,18.7246697,76.3894344,431517,0,0,0,0,0,0,0,Beed,0,0,1,3,0,0,0,0,4,2,Pharmacy
ChIJWXY3US5fxTsRFtBILkcNeNU,Arjun Medical And General Stores,"Gawli Pura, Ambajogai, Maharashtra 431517, India",8,5,18.7348149,76.3995293,431517,0,0,0,0,0,0,0,Beed,0,0,1,3,0,0,0,0,4,2,Pharmacy
ChIJJVkb1kNfxTsRd0XASXrXfS8,Riddhi Medical And General Stores,"Shop No 2, Parijat Colony Rd, Dnyneshwarnagar, Ganesh Nagar, Ambajogai, Maharashtra 431517, India",0,0,18.7247281,76.3841032,431517,0,0,0,0,0,0,0,Beed,0,0,1,1,0,0,0,0,2,1,Pharmacy
ChIJPyFxx6xfxTsRKGLxxkhJzno,Shri Sainath Medical,"Shop No 1, Anna Bhau Sathe Chowk, Ambajogai, Maharashtra 431517, India",0,0,18.7345861,76.4011057,431517,0,0,0,0,0,0,0,Beed,0,0,1,1,0,0,0,0,2,1,Pharmacy
ChIJR0drkHJfxTsRY1__Jh7pknk,Shivam Medical And General Stores,"P9PR+966, Bhatt Galli, Chilla Kothad Moholla, Ambajogai, Maharashtra 431517, India",1,5,18.7359246,76.3905318,431517,0,0,0,0,0,0,0,Beed,0,0,1,3,0,0,0,0,4,2,Pharmacy
ChIJXZ5eGFtfxTsRK9VdtV2ELT8,Khan Medical And General Stores Ambajogai,"Mandi Bazar, Gawli Pura, Ambajogai, Maharashtra 431517, India",3,5,18.7361752,76.388497,431517,0,0,0,0,0,0,0,Beed,0,0,1,3,0,0,0,0,4,2,Pharmacy
ChIJ9RFecjBfxTsRbyvPY9w7jV0,Matoshri Medical,"Shop No 2 Morewadi Yashwantrao Chavan Chowk, Ambajogai, Maharashtra 431517, India",0,0,18.7178956,76.3726445,431517,0,0,0,0,0,0,0,Beed,0,0,1,1,0,0,0,0,2,1,Pharmacy
ChIJyRCQ4FdexTsRBaYY5-J9urU,Shri Muktai Medical Ambajogai,"PCM2+82J, SATHE CHOWK, Gawli Pura, Ambajogai, Maharashtra 431517, India",4,5,18.7333316,76.4000259,431517,0,0,0,0,0,0,0,Beed,0,0,1,3,0,0,0,0,4,2,Pharmacy
ChIJs62qqmZexTsRAAAAMBKl3w0,Vishal Medical,"Shop Number 1.. Kuttar Vihir, Ambajogai, Maharashtra 431517, India",0,0,18.7271328,76.3810944,431517,0,0,0,0,0,0,0,Beed,0,0,1,1,0,0,0,0,2,1,Pharmacy
ChIJYTanThdfxTsR17Py_QBl9UQ,Waghalkar Medicals,"P9QW+93R, Gatal, Koshti Galli, Khadakpura, Ambajogai, Maharashtra 431517, India",1,5,18.7384827,76.3951466,431517,0,0,0,0,0,0,0,Beed,0,0,1,3,0,0,0,0,4,2,Pharmacy
ChIJNe9PAJ9fxTsRN3vyRah-N4I,Shams Medical & General Stores,"Bara Bhai Mohalla, Gawli Pura, Ambajogai, Maharashtra 431517, India",0,0,18.7386786,76.3905801,431517,0,0,0,0,0,0,0,Beed,0,0,1,1,0,0,0,0,2,1,Pharmacy
ChIJhf2uJBhfxTsR4oxeCwtJaR8,Thorat Medical,"P9GQ+XCP, Jaywanti Nagar, Ambajogai, Maharashtra 431517, India",3,5,18.7274638,76.3885584,431517,0,0,0,0,0,0,0,Beed,0,0,1,3,0,0,0,0,4,2,Pharmacy
ChIJXceNSZ1fxTsRgBioawhrTa4,S K Medical,"Shop No 1. Jawalgoan Main Road, Maharashtra 431517, India",0,0,18.7310112,76.3769323,431517,0,0,0,0,0,0,0,Beed,0,0,1,1,0,0,0,0,2,1,Pharmacy
ChIJU-d77DJfxTsRC0lEB3tE4l0,Shree Varad Medical And General Stores,"Shop No 1, Ambajogai - Pangaon Rd, Prashant Nagar, Jaywanti Nagar, Ambajogai, Maharashtra 431517, India",0,0,18.7293397,76.3884468,431517,0,0,0,0,0,0,0,Beed,0,0,1,1,0,0,0,0,2,1,Pharmacy
ChIJ7ScfyVtfxTsR8Q3gp6zG_bE,New Anand Medical,"Shop No 1 Ambajogai Banquet Gali, Maharashtra 431517, India",0,0,18.7336334,76.3906526,431517,0,0,0,0,0,0,0,Beed,0,0,1,1,0,0,0,0,2,1,Pharmacy
ChIJ6UJKv8FfxTsRS9Thb1G5RhI,Tat Medical And General Stores,"P9MR+36V, Gawli Pura, Ambajogai, Maharashtra 431517, India",0,0,18.732738,76.3905272,431517,0,0,0,0,0,0,0,Beed,0,0,1,1,0,0,0,0,2,1,Pharmacy
ChIJ2UunbWBexTsRRLaGLZ_01H0,Maharashtra Medical Store,"P9JP+MCP, RAJDHANI COMPLEX SHIWAJI CHOWK, Shiwaji Chowk, Ambajogai, Maharashtra 431517, India",4,4,18.7317098,76.3860921,431517,0,0,0,0,0,0,0,Beed,0,0,1,2,0,0,0,0,3,1.5,Pharmacy
ChIJbdtJG21fxTsRlbjVJ5xNZgs,Deepstamb Point Of Chemistry,"P9HR+QVW, Jaywanti Nagar, Ambajogai, Maharashtra 431517, India",0,0,18.7295801,76.3922414,431517,0,0,0,0,0,0,0,Beed,0,0,1,1,0,0,0,0,2,1,Pharmacy
ChIJHw08N7FfxTsRkrxSe-VPoHo,Mukesh Medical,"Shop No 1, Near Swaraj Baar, Ambajogai, Maharashtra 431517, India",0,0,18.7311302,76.3851972,431517,0,0,0,0,0,0,0,Beed,0,0,1,1,0,0,0,0,2,1,Pharmacy
ChIJX5Z4hY9fxTsRGTFpQ4sTo6E,Davacart,"Darade Complex, Parli Rd, Vivekanand Nagar, Ambajogai, Maharashtra 431517, India",6,5,18.7330586,76.4073424,431517,0,0,0,0,0,0,0,Beed,0,0,1,3,0,0,0,0,4,2,Pharmacy
ChIJfzk6LWBexTsRNvqkuK45mJM,Shifa Medical,"P9MM+3J7, Gawli Pura, Ambajogai, Maharashtra 431517, India",0,0,18.7326685,76.3840422,431517,0,0,0,0,0,0,0,Beed,0,0,1,1,0,0,0,0,2,1,Pharmacy
ChIJX5OEIl9exTsR5F5yr8Kg28c,Dhoot Medical And General Stores,"P9JR+GGV, Ambajogai,, Jaywanti Nagar, Ambajogai, Maharashtra 431517, India",7,4.7,18.7314841,76.3912835,431517,0,0,0,0,0,0,0,Beed,0,0,1,3,0,0,0,0,4,2,Pharmacy
ChIJL5TmDGFexTsR38XhDO0Sl_A,Rudra Medical,"Shop No 1, Mondha Rd, opposite Bank Of Baroda, Jaywanti Nagar, Ambajogai, Maharashtra 431517, India",3,4.3,18.7292664,76.3852854,431517,0,0,0,0,0,0,0,Beed,0,0,1,3,0,0,0,0,4,2,Pharmacy
ChIJaZCgs3FexTsRUYWCc5xAykQ,Ruby Medical And General Stores,"P99F+396, Bank Colony, Ambajogai, Maharashtra 431517, India",2,5,18.717629,76.3733818,431517,0,0,0,0,0,0,0,Beed,0,0,1,3,0,0,0,0,4,2,Pharmacy
ChIJq4oPPt9fxTsRwxPjGUL4GjA,Shree Sai Medical,"Unnamed Road, Kirmani Nagar, Ambajogai, Maharashtra 431517, India",0,0,18.7179203,76.3729385,431517,0,0,0,0,0,0,0,Beed,0,0,1,1,0,0,0,0,2,1,Pharmacy
ChIJQZJ7IjNpxTsRz0dJ5euAdsQ,Baneshwar Medical,"J6FG+464, hanunan chowk, Bansarola, Maharashtra 431518, India",0,0,18.6226917,76.225598,431518,0,0,0,0,0,0,0,Beed,0,0,1,1,0,0,0,0,2,1,Pharmacy
ChIJ96fEL0trxTsRGlmnUiBNYwM,Sp Pharma Industries,"M573+3JQ, Anandgaon, Maharashtra 431518, India",0,0,18.6627039,76.1541226,431518,0,0,0,0,0,0,0,Beed,0,0,1,1,0,0,0,0,2,1,Pharmacy
ChIJC-gX0BddxTsRxJSTh3EIeMQ,Kedar Medical,"Shop No 1, Kaij - Ambajogai Rd, Lokhandi Sawargaon, Maharashtra 431517, India",0,0,18.6913699,76.3159534,431517,0,0,0,0,0,0,0,Beed,0,0,1,1,0,0,0,0,2,1,Pharmacy
ChIJIX8bpqVhxTsRpofp748Pt_I,Shivsai Medical And General Stores,"Waghala, Ambajogai - Latur Rd, Ambajogai, Maharashtra 431517, India",0,0,18.6837859,76.37002,431517,0,0,0,0,0,0,0,Beed,0,0,1,1,0,0,0,0,2,1,Pharmacy
ChIJYdfqB21vxTsREZccSZCGH9I,New Mauli Medical &General Store,"G6FV+3GR, Malegaon, Maharashtra 431123, India",0,0,18.5227282,76.24377,431123,0,0,0,0,0,0,0,Beed,0,0,1,1,0,0,0,0,2,1,Pharmacy
ChIJpzSArUFgxTsRJ7jstsXlep8,Friends Medical,"MC7J+R2M, Saigaon, Maharashtra 431523, India",4,4.3,18.6646255,76.4300575,431523,0,0,0,0,0,0,0,Beed,0,0,1,3,0,0,0,0,4,2,Pharmacy
ChIJt93fvrlnxTsRivDiJYpfvkY,Shiv Medical,"Shop 0 1 Men Roa Kumbefal, Maharashtra 431517, India",0,0,18.649752,76.3377011,431517,0,0,0,0,0,0,0,Beed,0,0,1,1,0,0,0,0,2,1,Pharmacy
ChIJpROfS2ZexTsRRonZrqcjEpI,Ramkrishna Medicals,"Mahesh Nagar, Bank Colony, Jogaiwadi, Maharashtra 431517, India",7,4.6,18.7232505,76.3837901,431517,0,0,0,0,0,0,0,Beed,0,0,1,3,0,0,0,0,4,2,Pharmacy
ChIJf7Yzx3KLzzsRspdiPVYlhEI,Vijay Medical And General Store,"Shop No 2 Bardapur Hatola, Road, Bardapur, Maharashtra 431519, India",0,0,18.6401756,76.4926392,431519,0,0,0,0,0,0,0,Beed,0,0,1,1,0,0,0,0,2,1,Pharmacy
ChIJU30iLRb3zzsRbq_F4Wl-vpA,Matoshri Medical & General Store,"Vidyanagar, Bid, SH-187, Parli Ambajogai Ahemadpur Road, Beed, Beed, Maharashtra 431515, India",0,0,18.8512223,76.5251223,431515,0,0,0,0,0,0,0,Beed,0,0,1,1,0,0,0,0,2,1,Pharmacy
ChIJjX1gLBj3zzsRNzAUz0vL_2U,Gudale Medicals,"Vidyanagar, Bid, SH-187, Parli Ambajogai Ahemadpur Road, Beed, Beed, Maharashtra 431515, India",0,0,18.847616,76.5230206,431515,0,0,0,0,0,0,0,Beed,0,0,1,1,0,0,0,0,2,1,Pharmacy
ChIJ4WucopZmxTsRB72Gp3GuiGA,Banshankari Medical,"P9GJ+VC4, Patoda, Ambajogai, Maharashtra 431523, India",3,4.7,18.7271336,76.3810922,431523,0,0,0,0,0,0,0,Beed,0,0,1,3,0,0,0,0,4,2,Pharmacy
ChIJ1Ue3zxf3zzsRDqPvpc48doA,Nidhi Medical,"Vidyanagar, Bid, SH-187, Parli Ambajogai Ahemadpur Road, Beed, Beed, Maharashtra 431515, India",1,5,18.8505102,76.5248987,431515,0,0,0,0,0,0,0,Beed,0,0,1,3,0,0,0,0,4,2,Pharmacy
ChIJhXFDMhj3zzsRnqzoLhrWO2c,Prajakta Medical,"Vidyanagar, Bid, SH-187, Parli Ambajogai Ahemadpur Road, Beed, Beed, Maharashtra 431515, India",1,1,18.8473047,76.523075,431515,0,0,0,0,0,0,0,Beed,0,0,1,1,0,0,0,0,2,1,Pharmacy
ChIJ54vAMclhxTsRinLSjIwbCJ4,S K Medical,"Shop No 4 Latur Road, Ambajogai - Latur Rd, Saigaon, Maharashtra 431523, India",0,0,18.6645206,76.4303276,431523,0,0,0,0,0,0,0,Beed,0,0,1,1,0,0,0,0,2,1,Pharmacy
ChIJ2dOQwBf3zzsRZd7zFErc3c0,Radhe Medical,"Vidyanagar, Bid, SH-187, Parli Ambajogai Ahemadpur Road, Beed, Beed, Maharashtra 431515, India",0,0,18.8498848,76.5242924,431515,0,0,0,0,0,0,0,Beed,0,0,1,1,0,0,0,0,2,1,Pharmacy
ChIJmWUCw7tfxTsRSi81O2C46cg,Maharashtra Medical,"Shop No 1, Pimpla Apg Chowk, Pimpla Dhaiguda, Maharashtra 431517, India",0,0,18.7393598,76.44452,431517,0,0,0,0,0,0,0,Beed,0,0,1,1,0,0,0,0,2,1,Pharmacy
ChIJp39WoD33zzsRJyWKQEvuTrY,Tuljai Medical,"Vidyanagar, Bid, SH-187, Parli Ambajogai Ahemadpur Road, Beed, Beed, Maharashtra 431515, India",3,5,18.8514655,76.5273191,431515,0,0,0,0,0,0,0,Beed,0,0,1,3,0,0,0,0,4,2,Pharmacy
ChIJ4XwbvMdfxTsRXNdvU358Y50,Mathura Medical & General Stores,"Pimple Niwas, Yogeshwari School Road, Prashant Nagar, Ambajogai, Maharashtra 431517, India",0,0,18.7306315,76.3888178,431517,0,0,0,0,0,0,0,Beed,0,0,1,1,0,0,0,0,2,1,Pharmacy
ChIJW6O1IkiLzzsR8Cyz-MyTabY,Shriram Gitte,"MGJW+CQ2, Chandanwadi, Maharashtra 431519, India",0,0,18.6810189,76.5468788,431519,0,0,0,0,0,0,0,Beed,0,0,1,1,0,0,0,0,2,1,Pharmacy
ChIJvfeqwuErxTsRdor7jiIJ6Z0,Darshana Medical And General Store,"Shop No, 1, Canol Rd, Shahunagar, Beed, Maharashtra 431122, India",0,0,19.0002019,75.7485729,431122,0,0,0,0,0,0,0,Beed,0,0,1,1,0,0,0,0,2,1,Pharmacy
ChIJ07rTMEQrxTsRf2Hw_RAhkFE,Aastha Pharmacy,"Shop No 1 Raigad Colany, Canol Rd, Beed, Maharashtra 431122, India",0,0,18.9840605,75.7445822,431122,0,0,0,0,0,0,0,Beed,0,0,1,1,0,0,0,0,2,1,Pharmacy
ChIJ-4l5tNgtxTsRWZmO3-XOiC8,Sainath Medical And Ganerl Store,"Shop No 6 Dhekhanmoha Parali Road Beed Dhekhanmoha, Beed, Maharashtra 431122, India",0,0,18.978274,75.8974093,431122,0,0,0,0,0,0,0,Beed,0,0,1,1,0,0,0,0,2,1,Pharmacy
ChIJvY52QqMrxTsR4NCpHpnb0dE,Nice Pharma Medical & General Store.,"2Q24+W6H, Jalna Rd, Hina Nagar, Sawata Nagar, Beed, Maharashtra 431122, India",1,5,19.0022965,75.7557818,431122,0,0,0,0,0,0,0,Beed,0,0,1,3,0,0,0,0,4,2,Pharmacy
ChIJj_cTvN0qxTsRAAAA0MXusAQ,Pharmacy,"2, DP Rd, beside Bank Of Baroda, Sahayog Nagar, Beed, Maharashtra 431122, India",0,0,18.9891277,75.7527018,431122,0,0,0,0,0,0,0,Beed,0,0,1,1,0,0,0,0,2,1,Pharmacy
ChIJJ7MlSEMrxTsRI9NTA-DR_YM,Gajanan Pharma,"Shop No 1, Idgah Road, Vipra Nagar, Beed, Maharashtra 431122, India",0,0,18.9922027,75.7718873,431122,0,0,0,0,0,0,0,Beed,0,0,1,1,0,0,0,0,2,1,Pharmacy
ChIJ1x_0o1YrxTsRi9wU6R6kBBc,Sadhana Medicare,"XPWX+C48, Kranti Nagar, Beed, Maharashtra 431122, India",1,5,18.996046,75.747816,431122,0,0,0,0,0,0,0,Beed,0,0,1,3,0,0,0,0,4,2,Pharmacy
ChIJzzVxVYIrxTsRAlB6tRnMXX0,Sankalpa Disha,"Shop No, 04, Canol Rd, Rajiv Gandhi Chokh, Shivrana Nagar, Beed, Maharashtra 431122, India",0,0,19.0012617,75.7488167,431122,0,0,0,0,0,0,0,Beed,0,0,1,1,0,0,0,0,2,1,Pharmacy
ChIJA5tcatsrxTsRgO7HX9i2Efs,Kiyansh Medical,"Shop No, 1, DP Rd, Shriram Nagar, Wadgaon Sheri, Beed, Maharashtra 431122, India",0,0,18.9940788,75.7497393,431122,0,0,0,0,0,0,0,Beed,0,0,1,1,0,0,0,0,2,1,Pharmacy
ChIJS_eghYkrxTsRBgE12x8dFL0,Shriniwasan Pharma,"Shop No, 7, Driving School St, Swaraj Nagar, Beed, Maharashtra 431122, India",0,0,18.9816673,75.7530529,431122,0,0,0,0,0,0,0,Beed,0,0,1,1,0,0,0,0,2,1,Pharmacy
ChIJf58HM5IrxTsRXcu6RM6EwU4,Apple Pharma & General Store,"Shop No 01, 2-2-20, Juna Bazar Rd, Bir, Beed, Maharashtra 431122, India",0,0,18.9887223,75.7633066,431122,0,0,0,0,0,0,0,Beed,0,0,1,1,0,0,0,0,2,1,Pharmacy
ChIJoz071gYrxTsRekyUUTAlJcI,Shri Kalika Pharmaceuticals And General Stores,"Unnamed Road, Bir, Beed, Maharashtra 431122, India",3,4.3,18.9922651,75.7596055,431122,0,0,0,0,0,0,0,Beed,0,0,1,3,0,0,0,0,4,2,Pharmacy
ChIJjVufG00rxTsRTXPwS44TRLs,Parth Pharmacy,"DP Rd, Adarsh nagar, Doctor line, Kranti Nagar, Beed, Maharashtra 431122, India",1,5,18.994187,75.7493864,431122,0,0,0,0,0,0,0,Beed,0,0,1,3,0,0,0,0,4,2,Pharmacy
ChIJzwUVoecrxTsRGb59Zxvq4wI,Shree Pharma Medical,"Shree Pharma Medical, Malives, Bir, Beed, Maharashtra 431122, India",0,0,18.9929426,75.7607713,431122,0,0,0,0,0,0,0,Beed,0,0,1,1,0,0,0,0,2,1,Pharmacy
ChIJqfmVJS8rxTsRFXel93NVcAA,Shivai Medical,"Saihyadri Hospital, Jalna-Beed Rd, Sawata Nagar, Beed, Maharashtra 431125, India",1,5,18.9995109,75.7552459,431125,0,0,0,0,0,0,0,Beed,0,0,1,3,0,0,0,0,4,2,Pharmacy
ChIJiesdkz8rxTsRcIu66eb1OpI,Viraj Pharma And Surgical,"Shop No 7,8 Barshi Road, Dhande St, opp. Renu Hospital, Nagar, Beed, Maharashtra 431122, India",0,0,18.9790745,75.7558075,431122,0,0,0,0,0,0,0,Beed,0,0,1,1,0,0,0,0,2,1,Pharmacy
ChIJhTtQRmkrxTsRR830LANK6Sc,New Shivalay Medical And General Stores,"Shop No 3 Shop No 3 Malves Chowk, Subash Rd, Beed, Maharashtra 431122, India",0,0,18.9931807,75.7610529,431122,0,0,0,0,0,0,0,Beed,0,0,1,1,0,0,0,0,2,1,Pharmacy
ChIJc6YITuQrxTsRe-FlZ7UVDYY,Sejal Pharmaceutical,"Shop No, 01, DP Rd, near Dhoot Hospital, Sneh Nagar, Beed, Maharashtra 431122, India",0,0,18.9951167,75.7579692,431122,0,0,0,0,0,0,0,Beed,0,0,1,1,0,0,0,0,2,1,Pharmacy
ChIJ1V4tn50rxTsRtfYuKzHM-hQ,Well Pharma,"Shop No 01, Bhakti Road, Ajmer Nagar, jay, Beed, Maharashtra 431122, India",1,4,18.9950914,75.7408649,431122,0,0,0,0,0,0,0,Beed,0,0,1,2,0,0,0,0,3,1.5,Pharmacy
ChIJPydkZy4rxTsRBr18sxJs0VU,Aman Medicals And General Stores,"XQH5+Q9P, Zam Zam Colony E Rd, Kausar Nagar, Bir, Beed, Maharashtra 431122, India",3,5,18.9794628,75.7584565,431122,0,0,0,0,0,0,0,Beed,0,0,1,3,0,0,0,0,4,2,Pharmacy
ChIJockit7grxTsRo0gsLJNHf3g,Shivansh Medical And General Store,"Shop No 2 Sarafa Line Dhondipura, Maharashtra 431122, India",0,0,18.9917544,75.7622485,431122,0,0,0,0,0,0,0,Beed,0,0,1,1,0,0,0,0,2,1,Pharmacy
ChIJ9dVS9dorxTsRUMETi0PByBE,Siddhivinayak Medical And Ganral Store,"Shop No. 1 Dhanora Road OPP Palvan, Chowk, Beed, Maharashtra 431122, India",0,0,18.9791448,75.7414801,431122,0,0,0,0,0,0,0,Beed,0,0,1,1,0,0,0,0,2,1,Pharmacy
ChIJI6h0lrorxTsR-1dgNaDg2cM,Parth Pharmacy,"XPVX+MQC, DP Rd, Adarsh nagar, Doctor line, Kranti Nagar, Beed, Maharashtra 431122, India",0,0,18.994187,75.7493864,431122,0,0,0,0,0,0,0,Beed,0,0,1,1,0,0,0,0,2,1,Pharmacy
ChIJv9y0zEUrxTsR4l_jirwB32U,Krushna Agency And Medical Store,"Shop No, 1, Hiralal Chowk Rd, Vipra Nagar, Beed, Maharashtra 431122, India",0,0,18.9930753,75.7663751,431122,0,0,0,0,0,0,0,Beed,0,0,1,1,0,0,0,0,2,1,Pharmacy
ChIJeUbrERErxTsRZng29catpzk,Sadhana Medicare,"DP Rd, Sahayog Nagar, Beed, Maharashtra 431122, India",3,5,18.996183,75.757617,431122,0,0,0,0,0,0,0,Beed,0,0,1,3,0,0,0,0,4,2,Pharmacy
ChIJhQxWPNwrxTsRAThHcP-m6W0,Navgan Medical,"Shop No. 01 Jijamata Chowk, Beed, Maharashtra 431122, India",0,0,18.9997355,75.7576786,431122,0,0,0,0,0,0,0,Beed,0,0,1,1,0,0,0,0,2,1,Pharmacy
ChIJOQvHXCErxTsRxstv317ciW0,Babuji Medical,"hiralal chowk, Vipra Nagar, Beed, Maharashtra 431122, India",0,0,18.9930409,75.7655506,431122,0,0,0,0,0,0,0,Beed,0,0,1,1,0,0,0,0,2,1,Pharmacy
ChIJt3fqR8ErxTsRL3jzo6cQff0,Bhagat Pharma,"Shop no.01 TAj plaza, Jalna-Beed Rd, near aanand hospital, Beed, Maharashtra 431122, India",0,0,18.9955498,75.7542045,431122,0,0,0,0,0,0,0,Beed,0,0,1,1,0,0,0,0,2,1,Pharmacy
ChIJo8E01iMrxTsRXIOqVeq98Pg,Khureshi Medical,"XQR8+PGM, Eidgah Rd, Vipra Nagar, Beed, Maharashtra 431122, India",0,0,18.9918266,75.7662992,431122,0,0,0,0,0,0,0,Beed,0,0,1,1,0,0,0,0,2,1,Pharmacy
ChIJT7fvVxcrxTsRv9BLVJIf-jE,Mukta Homoeo Pharmacy,"Shop No.1, Adarsh nagar, Kranti Nagar, Beed, Maharashtra 431122, India",0,0,18.9948344,75.747809,431122,0,0,0,0,0,0,0,Beed,0,0,1,1,0,0,0,0,2,1,Pharmacy
ChIJc29929kqxTsR14xVW_ZR_j4,Rx Pharma,"51, New Mondha Rd, Vipra Nagar, Beed, Maharashtra 431122, India",3,4.3,18.9987377,75.756412,431122,0,0,0,0,0,0,0,Beed,0,0,1,3,0,0,0,0,4,2,Pharmacy
ChIJrw47GM8rxTsRnx1pQ2zPe0A,Yasin Medical And General Stores,"Shop No. 1, Chowk, beside Salman Farsi Masjid, Mominpura, Beed, Maharashtra 431122, India",0,0,18.9825784,75.7659334,431122,0,0,0,0,0,0,0,Beed,0,0,1,1,0,0,0,0,2,1,Pharmacy
ChIJXwlHWNorxTsREbkstCpgkyg,Sri Krushn Medical,"SHOP 1, Chinchala, Maharashtra 431144, India",0,0,18.9980602,75.7525815,431144,0,0,0,0,0,0,0,Beed,0,0,1,1,0,0,0,0,2,1,Pharmacy
ChIJ3Xr7sScrxTsRZiYT_QtC22o,Shree Mahalaxmi Medical & General Stores,"Shop No.1 Savta Mali Chowk, Beed, Maharashtra 431122, India",0,0,19.0014994,75.7598033,431122,0,0,0,0,0,0,0,Beed,0,0,1,1,0,0,0,0,2,1,Pharmacy
ChIJYUeVUYcrxTsRti2fIwfY5jg,Medplus Pharmacy,"XQV5+8XH, Subash Rd, Malives, Bir, Beed, Maharashtra 431122, India",0,0,18.993303,75.7599721,431122,0,0,0,0,0,0,0,Beed,0,0,1,1,0,0,0,0,2,1,Pharmacy
ChIJiTSVYRUrxTsRiNtiK0rafGQ,Mukta Medical ,"Nagar road, Kazi Nagar, Beed, Maharashtra 431122, India",0,0,18.992099,75.7344567,431122,0,0,0,0,0,0,0,Beed,0,0,1,1,0,0,0,0,2,1,Pharmacy
ChIJ7dfMRnozxTsRmQ4-NeH6t1o,Rudranath Medical ,"Shop No 01, Gatsavli, Beed, Maharashtra 431122, India",0,0,18.9885776,75.9410622,431122,0,0,0,0,0,0,0,Beed,0,0,1,1,0,0,0,0,2,1,Pharmacy
ChIJZaURnYcrxTsRMKDeml6V0Us,Agastya Medical And Agency,"Shop No 03 Nagar Naka Nagar Road, Maharashtra 431122, India",0,0,18.9909433,75.7444348,431122,0,0,0,0,0,0,0,Beed,0,0,1,1,0,0,0,0,2,1,Pharmacy
ChIJB4G8AgQrxTsReWBZFRc-9-E,Tuljai Medical & General Store,"ground, Tuljai Niwas, Ambika Nagar near old saraswati School, in front circus, Beed, Maharashtra 431122, India",3,5,18.9818268,75.7486334,431122,0,0,0,0,0,0,0,Beed,0,0,1,3,0,0,0,0,4,2,Pharmacy
ChIJs6yNm8grxTsRA4KJhRpCGSM,Asha Medical And General Stores,"Shop no, N.K Complex, 8, Bhaji Mandhi Rd, Beed, Maharashtra 431122, India",6,5,18.9936306,75.7563591,431122,0,0,0,0,0,0,0,Beed,0,0,1,3,0,0,0,0,4,2,Pharmacy
ChIJAYaeVL8qxTsRNnQOoWAZYWc,Aman Medical And General Store,"DP Rd, Adarsh nagar, Kranti Nagar, Beed, Maharashtra 431122, India",12,5,18.9944739,75.7489306,431122,0,0,0,0,0,0,0,Beed,0,0,1,3,0,0,0,0,4,2,Pharmacy
ChIJCQR3Qy4rxTsRL4KjgJY1_04,Vedika Medical,"Shop No. 01 Nalwandi Naka Pimplner, Road, Beed, Maharashtra 431122, India",0,0,18.9910437,75.7767792,431122,0,0,0,0,0,0,0,Beed,0,0,1,1,0,0,0,0,2,1,Pharmacy
ChIJn1WW0cErxTsRWieDdZZT_Hs,Wellcare Medical And Ganaral Stores,"Shop No 2 Dhanora Road Narshoba Nagar Beed Narshoba Nagar, Beed, Maharashtra 431122, India",0,0,18.9723402,75.7410983,431122,0,0,0,0,0,0,0,Beed,0,0,1,1,0,0,0,0,2,1,Pharmacy
ChIJ9QLgTVkrxTsRyPxcpc3XWP4,Aaditi Medical,"XPJX+R9H, Palwan Rd, Ambika Nagar, Kranti Colony, Datta Nagar, Beed, Maharashtra 431122, India",0,0,18.9820549,75.7484681,431122,0,0,0,0,0,0,0,Beed,0,0,1,1,0,0,0,0,2,1,Pharmacy
ChIJM0PS_FkrxTsRXDK1liLYnlE,Jay Gajanan Medicals,"Shop No. 3 Jijamata Chowk, DP Rd, Beed, Maharashtra 431122, India",0,0,18.9990118,75.7578147,431122,0,0,0,0,0,0,0,Beed,0,0,1,1,0,0,0,0,2,1,Pharmacy
ChIJmYJr71srxTsR7Y6ySeB03Rs,Mr Pharma Medical & General Stores,"SHOP NO 3 NAGAR ROAD OPP POLICE PETROL PUMP SHOP, 3, Tuljai Nagar Rd, opp. POLICE PETROL PUMP, Beed, Maharashtra 431122, India",2,5,18.9919536,75.7387227,431122,0,0,0,0,0,0,0,Beed,0,0,1,3,0,0,0,0,4,2,Pharmacy
ChIJqeQSuhYrxTsRRCuJehAmGnY,Mukbul Medical Store,"Shop No.2, Islampura, Baba Chowk Rd, Beed, Maharashtra 431122, India",0,0,18.9900814,75.7713361,431122,0,0,0,0,0,0,0,Beed,0,0,1,1,0,0,0,0,2,1,Pharmacy
ChIJbRcE4yMrxTsR1Q5pdpknYF8,Aunsh Medical And General Stores,"Nagar naka, nagar road, Beed, Maharashtra 431122, India",0,0,18.9907513,75.7451534,431122,0,0,0,0,0,0,0,Beed,0,0,1,1,0,0,0,0,2,1,Pharmacy
ChIJ5cjtK7kqxTsRIUpCoaPe_E4,Rana Medical & General Stores,"Balepir, Beed, Maharashtra 431122, India",2,4,18.9921502,75.7339331,431122,0,0,0,0,0,0,0,Beed,0,0,1,2,0,0,0,0,3,1.5,Pharmacy
ChIJITFeV7I7xTsRynb7kL3NTVA,Nath Medical Edaa,"Shop no 1 Edaa beed Edaa, beed, Maharashtra 431123, India",0,0,18.8162015,75.9310094,431123,0,0,0,0,0,0,0,Beed,0,0,1,1,0,0,0,0,2,1,Pharmacy
ChIJIdqVU7YrxTsR2QGftL1q-Xs,Kaleem Garnal Store,"Shop No 01 Madina, Masjid Ln, Mominpura, Beed, Maharashtra 431122, India",0,0,18.9831586,75.7658329,431122,0,0,0,0,0,0,0,Beed,0,0,1,1,0,0,0,0,2,1,Pharmacy
ChIJzWE0iHMrxTsRBpg_G9qkP3M,Mauli Medical,"Shop No 1 Mondha Road, New, Mondha, Beed, Maharashtra 431122, India",0,0,19.0122482,75.7735168,431122,0,0,0,0,0,0,0,Beed,0,0,1,1,0,0,0,0,2,1,Pharmacy
ChIJxehq8q9DxTsRRSsxHh-1j9M,Munde Medical,"Shop No 1 Hoal Main Road Hoal, Maharashtra 431517, India",0,0,18.7045511,76.2360049,431517,0,0,0,0,0,0,0,Beed,0,0,1,1,0,0,0,0,2,1,Pharmacy
ChIJi5uvOeZdxTsRPnxq5FjhWRE,Balaji Vishwambhar Lungare,"P73H+4MQ, Unnamed Road, Maharashtra 431517, India",0,0,18.7028597,76.2791421,431517,0,0,0,0,0,0,0,Beed,0,0,1,1,0,0,0,0,2,1,Pharmacy
ChIJIaKb1YZfxTsRzGCF63bOly8,Haji Kaleem Medical,"Shop No 1, Patil Chowk, Ambajogai, Maharashtra 431517, India",0,0,18.7359533,76.3905231,431517,0,0,0,0,0,0,0,Beed,0,0,1,1,0,0,0,0,2,1,Pharmacy
ChIJSyKSaqNdxTsRi6j9SDfwl2k,Shivam Medical And General Stores,"Shop No 1, Ambajogai Road, Dongar Pimpla, Maharashtra 431517, India",3,5,18.7540269,76.3024615,431517,0,0,0,0,0,0,0,Beed,0,0,1,3,0,0,0,0,4,2,Pharmacy
ChIJ9zX75ANFxTsRr_b4EbRKDvc,Shivam Medical And General Store,"Shop No 1, Adas - Ambajogai Rd, Adas, Maharashtra 431517, India",0,0,18.7784209,76.2292573,431517,0,0,0,0,0,0,0,Beed,0,0,1,1,0,0,0,0,2,1,Pharmacy
ChIJ8W5hSfRfxTsRQIE6mc_5UGg,Jijai Medical And General Store,"Shop No 8 Parali Road Ambajogai, Road, Parli Vaijnath, Maharashtra 431517, India",0,0,18.7324289,76.4076611,431517,0,0,0,0,0,0,0,Beed,0,0,1,1,0,0,0,0,2,1,Pharmacy
ChIJ31kBcG61xDsRAAAAMJyFd24,Medical Shop,"SHOP NO 1BEED NAGAR HIGHWATY AMALNER BHANDYCHE TQ PATODA, Beed, Maharashtra 413207, India",0,0,18.9440176,75.3244352,413207,0,0,0,0,0,0,0,Beed,0,0,1,1,0,0,0,0,2,1,Pharmacy
ChIJ6V3BPk2zxDsR5Ta1zfINALE,Sant Wamanbhau Krushi Seva Kendra,"Shop No, 01, Beed Road, Doithan, Maharashtra 414202, India",0,0,18.9624723,75.2361778,414202,0,0,0,0,0,0,0,Beed,0,0,1,1,0,0,0,0,2,1,Pharmacy
ChIJY3XiTkyzxDsRjdg3lFKju4o,Sakshi Medical,"V6P9+3R4, Beed-sangvi, Maharashtra 414203, India",0,0,18.8851338,75.2195933,414203,0,0,0,0,0,0,0,Beed,0,0,1,1,0,0,0,0,2,1,Pharmacy
ChIJJdGSQNWzxDsRIYSpM-UL40c,New Sai Medical And General Stores,"Shop No 01, Doithan, Maharashtra 414202, India",0,0,18.9606234,75.1999525,414202,0,0,0,0,0,0,0,Beed,0,0,1,1,0,0,0,0,2,1,Pharmacy
ChIJdTQyL9GyxDsRAAAA0AMj4TU,Sant Krupa Medical And General Store,"X55V+4WW, Ngr - Beed Rode, Doithan, Maharashtra 414203, India",1,5,18.9578411,75.1949486,414203,0,0,0,0,0,0,0,Beed,0,0,1,3,0,0,0,0,4,2,Pharmacy
ChIJ1S60IGqzxDsRl-A7yqgednk,Ananya Medical,"Shop No 01,Suvarnyogi Complex, Doithan, Maharashtra 414202, India",0,0,18.9535246,75.1883339,414202,0,0,0,0,0,0,0,Beed,0,0,1,1,0,0,0,0,2,1,Pharmacy
ChIJuYX-PGmsxDsRT143pOpQaxI,Sanjivani Pharmacy,"Kada, Bid, SH-157, Ahmednagar Bhoom Road, Beed, Beed, Maharashtra 414202, India",1,5,18.8951051,75.0798575,414202,0,0,0,0,0,0,0,Beed,0,0,1,3,0,0,0,0,4,2,Pharmacy
ChIJSThsNyW1xDsRlSjQ5rHFLyg,Ishwarbharti Medical Store,"1 Mein Rod Amalner, Amalner, Maharashtra 413207, India",0,0,18.9397058,75.3284075,413207,0,0,0,0,0,0,0,Beed,0,0,1,1,0,0,0,0,2,1,Pharmacy
ChIJ1YlZUkq1xDsRGNwOWSysigM,Swast Aushadh Seva Seva Medical,"Shop No 7 Nagar Road Jay Bhavani Chowk Amalner Jay Bhavani Chowk, Maharashtra 413207, India",0,0,18.9397619,75.3279083,413207,0,0,0,0,0,0,0,Beed,0,0,1,1,0,0,0,0,2,1,Pharmacy
ChIJlTdOLok12zsRLfxnMrC5Rkw,Anand Medical And Genera Store,"Shop No 1, Shirur Kasar, Maharashtra 413249, India",0,0,19.0593441,75.426564,413249,0,0,0,0,0,0,0,Beed,0,0,1,1,0,0,0,0,2,1,Pharmacy
ChIJdw2RawDNxDsRtsagw6Uznmw,Shivkrupa Medical And General Stores,"WCFP+JXF, Dongarkinhi, Maharashtra 413229, India",0,0,18.9240516,75.4374182,413229,0,0,0,0,0,0,0,Beed,0,0,1,1,0,0,0,0,2,1,Pharmacy
ChIJX4ZPSD6wxDsRIEHWXDphcCU,Dhanashri Medical,"R53F+HP5, Shekapur - Gahininathgad Rd, Maliwada, Ashti, Maharashtra 414203, India",4,5,18.8038831,75.1743716,414203,0,0,0,0,0,0,0,Beed,0,0,1,3,0,0,0,0,4,2,Pharmacy
ChIJVVVVVRU02zsRbecxl9ovSN0,Jan Aushadhi Store,"House no 1240, under Ground Floor, Shop no 6, Main Road , Shirup Kasar, beed, Maharashtra 413249, India",0,0,19.0532264,75.4111644,413249,0,0,0,0,0,0,0,Beed,0,0,1,1,0,0,0,0,2,1,Pharmacy
ChIJVfF1FxnPxDsRYbT0GyzDf6A,Saksham Pharma,"Shop No 1, Patoda, Maharashtra 414204, India",0,0,18.807141,75.4819593,414204,0,0,0,0,0,0,0,Beed,0,0,1,1,0,0,0,0,2,1,Pharmacy
ChIJkyAs12-xxDsRl1QhhCJfBw0,Sai Medical & General Stores,"Kinara chowk, Nagar Beed highway, Ashti, Maharashtra 414203, India",2,5,18.813017,75.157921,414203,0,0,0,0,0,0,0,Beed,0,0,1,3,0,0,0,0,4,2,Pharmacy
ChIJYRsgHD2wxDsRks3iYxENfNM,Vighanaharta Medical,"R53G+826, Murshadpoor Road, Maliwada, Ashti, Maharashtra 414203, India",1,3,18.8032978,75.1750253,414203,0,0,0,0,0,0,0,Beed,0,0,1,2,0,0,0,0,3,1.5,Pharmacy
ChIJ-9M_WvuvxDsRQLHkRk5tssQ,Mauli Krushi Seva Kendra,"Shop No 01, Beed Road Kada, Karkhana, Beed, Maharashtra 414202, India",0,0,18.8377583,75.1228199,414202,0,0,0,0,0,0,0,Beed,0,0,1,1,0,0,0,0,2,1,Pharmacy
ChIJUS8nWKY12zsRbGvd2VYjjtc,Bhagwan Medical And General Stoares,"Kate galli, Shirur Kasar, Maharashtra 413249, India",3,5,19.0592081,75.4272042,413249,0,0,0,0,0,0,0,Beed,0,0,1,3,0,0,0,0,4,2,Pharmacy
ChIJs5CbRD2wxDsRJKIGtBtQuSM,Prashant Medicare,"Mauli Nagar, Murshadpur, Ashti, Maharashtra 414203, India",3,4.7,18.8025891,75.1673041,414203,0,0,0,0,0,0,0,Beed,0,0,1,3,0,0,0,0,4,2,Pharmacy
ChIJARYYQ9OxxDsRCEDnwZEyz0A,Varad Medical And General Store,"Shop No, 02, Naga Road, Ashti, Maharashtra 414202, India",1,1,18.8093274,75.1653001,414202,0,0,0,0,0,0,0,Beed,0,0,1,1,0,0,0,0,2,1,Pharmacy
ChIJ24c_N47NxDsRZesYd0VjHZs,Shubhangi Medical,"Shivaji Chowk, Raimoha, Maharashtra 414205, India",0,0,18.986162,75.5032302,414205,0,0,0,0,0,0,0,Beed,0,0,1,1,0,0,0,0,2,1,Pharmacy
ChIJUaDjcAzLxDsRGq2tf7qLqyA,Martand Medical Store,"W9J2+7RQ, Pimpalwandi, Maharashtra 413229, India",6,5,18.9307053,75.3520945,413229,0,0,0,0,0,0,0,Beed,0,0,1,3,0,0,0,0,4,2,Pharmacy
ChIJcyfgX8OxxDsRPhKV2YopsP8,Martand Medical Store,"Kaman Ves, Bus Stand Road, Shop No 25, Ashti, Maharashtra 414202, India",0,0,18.8033118,75.1748186,414202,0,0,0,0,0,0,0,Beed,0,0,1,1,0,0,0,0,2,1,Pharmacy
ChIJzQySicOxxDsRnE8oO89ymSE,Om Medical,"R53F+74R, near post office, Ashti, Maharashtra 414203, India",1,5,18.8032426,75.1727693,414203,0,0,0,0,0,0,0,Beed,0,0,1,3,0,0,0,0,4,2,Pharmacy
ChIJ_3N0tNsz2zsRmZuTYUAgg7E,Tanvi Medical And General Stores,"Shop No 01, Padali, Maharashtra 413249, India",0,0,19.0537802,75.505073,413249,0,0,0,0,0,0,0,Beed,0,0,1,1,0,0,0,0,2,1,Pharmacy
ChIJ7ax3oJ6txDsRgRKqlJu-bmY,Santkrupa Medical General,"Shop No 01, near Vitthal Rukhumai Temple, Khilad, Maharashtra 414202, India",0,0,18.9496956,75.1418874,414202,0,0,0,0,0,0,0,Beed,0,0,1,1,0,0,0,0,2,1,Pharmacy
ChIJvUD9wW8x2zsRtzvHGSa4WcI,Bhagwaan Medical And General Stroe,"Sop No 2 Tintarwani Beed Tintarwani, Beed, Maharashtra 431130, India",0,0,19.1682985,75.5072881,431130,0,0,0,0,0,0,0,Beed,0,0,1,1,0,0,0,0,2,1,Pharmacy
ChIJz_2MJxA12zsRLQ3n-s6E-T0,Dhanashri Medical &General Store,"Shop No 1 Main Road, Maharashtra 413249, India",0,0,19.0614288,75.4276486,413249,0,0,0,0,0,0,0,Beed,0,0,1,1,0,0,0,0,2,1,Pharmacy
ChIJ7eTqum-sxDsRZRIrJdpwhgA,Vighnaharta Medical,"Shop No 01, Kada, Maharashtra 414202, India",0,0,18.8966345,75.0745171,414202,0,0,0,0,0,0,0,Beed,0,0,1,1,0,0,0,0,2,1,Pharmacy
ChIJ_8puuUGxxDsRASfejEQZzJI,Sai Medical Store,"Shop No 01 Bolhke, Hospital Nagar Road, Ashti, Maharashtra 414202, India",0,0,18.8072724,75.1671773,414202,0,0,0,0,0,0,0,Beed,0,0,1,1,0,0,0,0,2,1,Pharmacy
ChIJo6iJTsqxxDsRiFn89Rt6NOY,New Shivsai Medical & General Stores,"Shop No 15, Bhaji Mandai, Road, Maliwada, Ashti, Maharashtra 414202, India",0,0,18.8051703,75.1747182,414202,0,0,0,0,0,0,0,Beed,0,0,1,1,0,0,0,0,2,1,Pharmacy
ChIJJYq0L-w12zsRlAf_PERexE0,Shree Medical,"Shop No 1, Shirur Kasar, Maharashtra 413249, India",0,0,19.0592589,75.4272094,413249,0,0,0,0,0,0,0,Beed,0,0,1,1,0,0,0,0,2,1,Pharmacy
ChIJD4YjS6DPxDsR2GFO_7mTdYg,Amol Medical & General Store,"RF3J+RR6, SH155, Patoda, Maharashtra 414204, India",0,0,18.8045474,75.4819811,414204,0,0,0,0,0,0,0,Beed,0,0,1,1,0,0,0,0,2,1,Pharmacy
ChIJq6qq6soy2zsRZ0KCTovSAs4,Lokseva Medical Raimoha,"Main, Rod, Raimoha, Maharashtra 414205, India",1,1,18.993562,75.5041177,414205,0,0,0,0,0,0,0,Beed,0,0,1,1,0,0,0,0,2,1,Pharmacy
ChIJc5oGBgrJxDsR-UG8jleU54Y,Samarth Medical Kuslamb,"Suppa, road, near primary school, Kuslamb, Maharashtra 413207, India",2,5,18.8601205,75.3689271,413207,0,0,0,0,0,0,0,Beed,0,0,1,3,0,0,0,0,4,2,Pharmacy
ChIJJYJDmLuxxDsR6wnu2x-GOG4,Rajnandini Medical,"Shop No 01, Kaman Ves, Road, Ashti, Maharashtra 414202, India",0,0,18.8032944,75.1748395,414202,0,0,0,0,0,0,0,Beed,0,0,1,1,0,0,0,0,2,1,Pharmacy
ChIJg_6M1M812zsRfPh0RGSpKVA,Shree Samarth Medical,"Shree Samarth medical main road, Shirur Kasar, Maharashtra 413249, India",2,5,19.0624464,75.4277193,413249,0,0,0,0,0,0,0,Beed,0,0,1,3,0,0,0,0,4,2,Pharmacy
ChIJ9aQ9fHixxDsRTammftqYwlw,Shree Samarth Medical And General Stores ,"Shop No 01, Shekade Complex, opp. Panchayat Samiti Road, Ashti, Maharashtra 414202, India",0,0,18.8066275,75.1683541,414202,0,0,0,0,0,0,0,Beed,0,0,1,1,0,0,0,0,2,1,Pharmacy
ChIJ9eFAHxvNxDsR65tTVmE8xrA,Mahesh Medical,"WCFQ+P7R, Dongarkinhi, Maharashtra 413229, India",0,0,18.9243747,75.4381336,413229,0,0,0,0,0,0,0,Beed,0,0,1,1,0,0,0,0,2,1,Pharmacy
ChIJmU-t_0c32zsR8yqT2nA89u8,Ghatshila Medical,"Shop No 1, Ghatshil Pargaon, Maharashtra 413249, India",0,0,19.1143538,75.3757954,413249,0,0,0,0,0,0,0,Beed,0,0,1,1,0,0,0,0,2,1,Pharmacy
ChIJUehAi-OqxDsRQ0awi-Y2pR0,Poonam Medical,"W2C5+5G7, Dhanora, Maharashtra 414202, India",1,5,18.9204018,75.0088019,414202,0,0,0,0,0,0,0,Beed,0,0,1,3,0,0,0,0,4,2,Pharmacy
ChIJ65fa_zmxxDsRJt5fsH6WqJw,Dhanashri Medical,"Maliwada, Ashti, Maharashtra 414203, India",2,5,18.8038831,75.1743667,414203,0,0,0,0,0,0,0,Beed,0,0,1,3,0,0,0,0,4,2,Pharmacy
ChIJ6S8jB73PxDsR5adSkDyYk70,Chaitanya Medical & Agency,"RF4J+G96, bus stand road, Patoda, Maharashtra 414204, India",2,5,18.8062997,75.4808966,414204,0,0,0,0,0,0,0,Beed,0,0,1,3,0,0,0,0,4,2,Pharmacy
ChIJKcH8r2-sxDsRRJnTtgrL-Ys,Pache Medical,"V3WG+G22, Beed - Ahmednagar - Pune Rd, Kada, Maharashtra 414202, India",4,4.5,18.8962726,75.0750351,414202,0,0,0,0,0,0,0,Beed,0,0,1,3,0,0,0,0,4,2,Pharmacy
ChIJTWu6-Moy2zsRKcfUV0PXo38,Dyaneshwar Medical & General Store,"XGV2+GP5, Raimoha, Maharashtra 414205, India",1,4,18.9937711,75.5018654,414205,0,0,0,0,0,0,0,Beed,0,0,1,2,0,0,0,0,3,1.5,Pharmacy
ChIJVZ5urYfPxDsRcWe9Dhixxmc,Prisha Medical,"Shop No 01, Patoda, Maharashtra 414204, India",0,0,18.8111827,75.4811757,414204,0,0,0,0,0,0,0,Beed,0,0,1,1,0,0,0,0,2,1,Pharmacy
ChIJi8Agx53PxDsRuVryp0DamWk,Anand Medical And General Stores,"Shop No.01, opp. Bus Stand, Patoda, Maharashtra 414204, India",0,0,18.8068262,75.4818547,414204,0,0,0,0,0,0,0,Beed,0,0,1,1,0,0,0,0,2,1,Pharmacy
ChIJ8a2iM4DPxDsRnJ7OIDfGukM,Sonali Medical And General Store,"Shop No 4 Main Road Shivaji Maharaj Chowk Patoda Main Road, Maharashtra 414204, India",11,4.7,18.8064247,75.4820389,414204,0,0,0,0,0,0,0,Beed,0,0,1,3,0,0,0,0,4,2,Pharmacy
ChIJHd9BNtLPxDsR-LvvKZOt7Co,Shayadri Medical,"RF4J+XJ4, Patoda, Maharashtra 414204, India",2,5,18.8072994,75.481576,414204,0,0,0,0,0,0,0,Beed,0,0,1,3,0,0,0,0,4,2,Pharmacy
ChIJE7yvgPTPxDsRmz_REkW8-6E,Kankariya Medical And General Store,"Shop No 1, Patoda, Maharashtra 414204, India",0,0,18.8048564,75.4819434,414204,0,0,0,0,0,0,0,Beed,0,0,1,1,0,0,0,0,2,1,Pharmacy
ChIJm_TH7DArxTsR1reexU8zX_A,Shri Siddhivinayak Pharma And Agency,"Shop No .652, 2, Gayanagar, Sanskar Colony, Beed, Maharashtra 431122, India",2,4.5,19.0069107,75.7540172,431122,0,0,0,0,0,0,0,Beed,0,0,1,3,0,0,0,0,4,2,Pharmacy